id,kind,word,translation,category,curriculumLevel,example,exampleZh,phonetic
zh-的,literacy,的,de,life,L1,他的 的确,用组词来记：「他的」「的确」。看见这些词，就能找到「的」。,de
zh-一,literacy,一,yī,number,L1,一个 一天,用组词来记：「一个」「一天」。看见这些词，就能找到「一」。,yī
zh-是,literacy,是,shì,self,L1,是我 不是,用组词来记：「是我」「不是」。看见这些词，就能找到「是」。,shì
zh-不,literacy,不,bù,self,L1,不好 不是,用组词来记：「不好」「不是」。看见这些词，就能找到「不」。,bù
zh-了,literacy,了,le,life,L1,哭了 没了,用组词来记：「哭了」「没了」。看见这些词，就能找到「了」。,le
zh-在,literacy,在,zài,self,L1,在家 在这,用组词来记：「在家」「在这」。看见这些词，就能找到「在」。,zài
zh-人,literacy,人,rén,self,L1,人们 大人,用组词来记：「人们」「大人」。看见这些词，就能找到「人」。,rén
zh-有,literacy,有,yǒu,self,L1,没有 有水,用组词来记：「没有」「有水」。看见这些词，就能找到「有」。,yǒu
zh-我,literacy,我,wǒ,self,L1,我爱家 我们,用组词来记：「我爱家」「我们」。看见这些词，就能找到「我」。,wǒ
zh-他,literacy,他,tā,self,L1,他们 他的,用组词来记：「他们」「他的」。看见这些词，就能找到「他」。,tā
zh-这,literacy,这,zhè,life,L1,在这 这个,用组词来记：「在这」「这个」。看见这些词，就能找到「这」。,zhè
zh-个,literacy,个,gè,quantity,L1,一个 这个,用组词来记：「一个」「这个」。看见这些词，就能找到「个」。,gè
zh-们,literacy,们,men,life,L1,人们 他们,用组词来记：「人们」「他们」。看见这些词，就能找到「们」。,men
zh-中,literacy,中,zhōng,life,L1,中间 中午,用组词来记：「中间」「中午」。看见这些词，就能找到「中」。,zhōng
zh-来,literacy,来,lái,life,L1,回来 过来,用组词来记：「回来」「过来」。看见这些词，就能找到「来」。,lái
zh-上,literacy,上,shàng,life,L1,上学 上山,用组词来记：「上学」「上山」。看见这些词，就能找到「上」。,shàng
zh-大,literacy,大,dà,quantity,L1,大树 大人,用组词来记：「大树」「大人」。看见这些词，就能找到「大」。,dà
zh-为,literacy,为,wèi,life,L1,为异客 为有暗香,用组词来记：「为异客」「为有暗香」。看见这些词，就能找到「为」。,wèi
zh-和,literacy,和,hé,life,L1,你和我 饱和,用组词来记：「你和我」「饱和」。看见这些词，就能找到「和」。,hé
zh-国,literacy,国,guó,life,L1,中国 国旗,用组词来记：「中国」「国旗」。看见这些词，就能找到「国」。,guó
zh-地,literacy,地,dì,nature,L1,地上 土地,用组词来记：「地上」「土地」。看见这些词，就能找到「地」。,dì
zh-到,literacy,到,dào,number,L1,一到十 到客船,用组词来记：「一到十」「到客船」。看见这些词，就能找到「到」。,dào
zh-以,literacy,以,yǐ,life,L1,报以 曾以,用组词来记：「报以」「曾以」。看见这些词，就能找到「以」。,yǐ
zh-说,literacy,说,shuō,action,L1,说话 听说,用组词来记：「说话」「听说」。看见这些词，就能找到「说」。,shuō
zh-时,literacy,时,shí,life,L1,时钟 汉时关,用组词来记：「时钟」「汉时关」。看见这些词，就能找到「时」。,shí
zh-要,literacy,要,yào,life,L1,并要 必要,用组词来记：「并要」「必要」。看见这些词，就能找到「要」。,yào
zh-就,literacy,就,jiù,life,L1,成就 将就,用组词来记：「成就」「将就」。看见这些词，就能找到「就」。,jiù
zh-出,literacy,出,chū,action,L1,出去 出门,用组词来记：「出去」「出门」。看见这些词，就能找到「出」。,chū
zh-会,literacy,会,huì,life,L1,安理会 奥委会,用组词来记：「安理会」「奥委会」。看见这些词，就能找到「会」。,huì
zh-可,literacy,可,kě,nature,L1,江南可采 不可,用组词来记：「江南可采」「不可」。看见这些词，就能找到「可」。,kě
zh-也,literacy,也,yě,self,L1,也是 也好,用组词来记：「也是」「也好」。看见这些词，就能找到「也」。,yě
zh-你,literacy,你,nǐ,self,L1,你和我 你好,用组词来记：「你和我」「你好」。看见这些词，就能找到「你」。,nǐ
zh-对,literacy,对,duì,life,L1,对愁眠 相对出,用组词来记：「对愁眠」「相对出」。看见这些词，就能找到「对」。,duì
zh-生,literacy,生,shēng,school,L1,生字 生紫烟,用组词来记：「生字」「生紫烟」。看见这些词，就能找到「生」。,shēng
zh-能,literacy,能,néng,number,L1,能开二月 本能,用组词来记：「能开二月」「本能」。看见这些词，就能找到「能」。,néng
zh-而,literacy,而,ér,life,L1,从而 而后,用组词来记：「从而」「而后」。看见这些词，就能找到「而」。,ér
zh-子,literacy,子,zi,family,L1,孩子 儿子,用组词来记：「孩子」「儿子」。看见这些词，就能找到「子」。,zi
zh-那,literacy,那,nà,life,L1,刹那 刹那间,用组词来记：「刹那」「刹那间」。看见这些词，就能找到「那」。,nà
zh-得,literacy,得,dé,animal,L1,怕得鱼惊 巴不得,用组词来记：「怕得鱼惊」「巴不得」。看见这些词，就能找到「得」。,dé
zh-于,literacy,于,yú,color,L1,霜叶红于 便于,用组词来记：「霜叶红于」「便于」。看见这些词，就能找到「于」。,yú
zh-着,literacy,着,zhe,life,L1,挨着 按着,用组词来记：「挨着」「按着」。看见这些词，就能找到「着」。,zhe
zh-下,literacy,下,xià,life,L1,下雨 下面,用组词来记：「下雨」「下面」。看见这些词，就能找到「下」。,xià
zh-自,literacy,自,zì,life,L1,自己 凌寒独自,用组词来记：「自己」「凌寒独自」。看见这些词，就能找到「自」。,zì
zh-之,literacy,之,zhī,life,L1,百分之 称之为,用组词来记：「百分之」「称之为」。看见这些词，就能找到「之」。,zhī
zh-年,literacy,年,nián,life,L1,新年 过年,用组词来记：「新年」「过年」。看见这些词，就能找到「年」。,nián
zh-过,literacy,过,guò,life,L1,过年 过来,用组词来记：「过年」「过来」。看见这些词，就能找到「过」。,guò
zh-发,literacy,发,fà,body,L1,头发 发卡,用组词来记：「头发」「发卡」。看见这些词，就能找到「发」。,fà
zh-后,literacy,后,hòu,life,L1,后面 背后,用组词来记：「后面」「背后」。看见这些词，就能找到「后」。,hòu
zh-作,literacy,作,zuò,school,L1,作业 工作,用组词来记：「作业」「工作」。看见这些词，就能找到「作」。,zuò
zh-里,literacy,里,lǐ,life,L1,家里 里面,用组词来记：「家里」「里面」。看见这些词，就能找到「里」。,lǐ
zh-用,literacy,用,yòng,life,L1,备用 备用金,用组词来记：「备用」「备用金」。看见这些词，就能找到「用」。,yòng
zh-道,literacy,道,dào,number,L1,浮萍一道 霸道,用组词来记：「浮萍一道」「霸道」。看见这些词，就能找到「道」。,dào
zh-行,literacy,行,xíng,life,L1,将欲行 临行密密,用组词来记：「将欲行」「临行密密」。看见这些词，就能找到「行」。,xíng
zh-所,literacy,所,suǒ,nature,L1,变电所 避难所,用组词来记：「变电所」「避难所」。看见这些词，就能找到「所」。,suǒ
zh-然,literacy,然,rán,body,L1,忽然闭口 昂然,用组词来记：「忽然闭口」「昂然」。看见这些词，就能找到「然」。,rán
zh-家,literacy,家,jiā,life,L1,回家 家人,用组词来记：「回家」「家人」。看见这些词，就能找到「家」。,jiā
zh-种,literacy,种,zhǒng,number,L1,春种一粒 变种,用组词来记：「春种一粒」「变种」。看见这些词，就能找到「种」。,zhǒng
zh-事,literacy,事,shì,life,L1,办事 办事处,用组词来记：「办事」「办事处」。看见这些词，就能找到「事」。,shì
zh-成,literacy,成,chéng,number,L1,八成 办不成,用组词来记：「八成」「办不成」。看见这些词，就能找到「成」。,chéng
zh-方,literacy,方,fāng,life,L1,东方 北方,用组词来记：「东方」「北方」。看见这些词，就能找到「方」。,fāng
zh-多,literacy,多,duō,quantity,L1,很多 多少,用组词来记：「很多」「多少」。看见这些词，就能找到「多」。,duō
zh-经,literacy,经,jīng,life,L1,不经 不经济,用组词来记：「不经」「不经济」。看见这些词，就能找到「经」。,jīng
zh-么,literacy,么,me,life,L1,多么 干什么,用组词来记：「多么」「干什么」。看见这些词，就能找到「么」。,me
zh-去,literacy,去,qù,life,L1,回去 出去,用组词来记：「回去」「出去」。看见这些词，就能找到「去」。,qù
zh-法,literacy,法,fǎ,life,L1,办法 辩证法,用组词来记：「办法」「辩证法」。看见这些词，就能找到「法」。,fǎ
zh-学,literacy,学,xué,action,L1,学习 上学,用组词来记：「学习」「上学」。看见这些词，就能找到「学」。,xué
zh-如,literacy,如,rú,action,L1,比如 比如说,用组词来记：「比如」「比如说」。看见这些词，就能找到「如」。,rú
zh-都,literacy,都,dōu,life,L1,成都 成都市,用组词来记：「成都」「成都市」。看见这些词，就能找到「都」。,dōu
zh-同,literacy,同,tóng,life,L1,不同 不同意,用组词来记：「不同」「不同意」。看见这些词，就能找到「同」。,tóng
zh-现,literacy,现,xiàn,life,L1,表现 表现力,用组词来记：「表现」「表现力」。看见这些词，就能找到「现」。,xiàn
zh-当,literacy,当,dāng,life,L1,便当 不当,用组词来记：「便当」「不当」。看见这些词，就能找到「当」。,dāng
zh-没,literacy,没,méi,self,L1,没有 没了,用组词来记：「没有」「没了」。看见这些词，就能找到「没」。,méi
zh-动,literacy,动,dòng,life,L1,爱劳动 摆动,用组词来记：「爱劳动」「摆动」。看见这些词，就能找到「动」。,dòng
zh-面,literacy,面,miàn,food,L1,面条 面包,用组词来记：「面条」「面包」。看见这些词，就能找到「面」。,miàn
zh-起,literacy,起,qǐ,action,L1,起床 一起,用组词来记：「起床」「一起」。看见这些词，就能找到「起」。,qǐ
zh-看,literacy,看,kàn,action,L1,看书 看见,用组词来记：「看书」「看见」。看见这些词，就能找到「看」。,kàn
zh-定,literacy,定,dìng,life,L1,安定 按规定,用组词来记：「安定」「按规定」。看见这些词，就能找到「定」。,dìng
zh-天,literacy,天,tiān,nature,L1,今天 天气,用组词来记：「今天」「天气」。看见这些词，就能找到「天」。,tiān
zh-分,literacy,分,fēn,number,L1,十分 安分,用组词来记：「十分」「安分」。看见这些词，就能找到「分」。,fēn
zh-还,literacy,还,hái,number,L1,一日还 人未还,用组词来记：「一日还」「人未还」。看见这些词，就能找到「还」。,hái
zh-进,literacy,进,jìn,action,L1,进来 进去,用组词来记：「进来」「进去」。看见这些词，就能找到「进」。,jìn
zh-好,literacy,好,hǎo,self,L1,你好 好吃,用组词来记：「你好」「好吃」。看见这些词，就能找到「好」。,hǎo
zh-小,literacy,小,xiǎo,quantity,L1,小花 小鸟,用组词来记：「小花」「小鸟」。看见这些词，就能找到「小」。,xiǎo
zh-部,literacy,部,bù,life,L1,北部 本部,用组词来记：「北部」「本部」。看见这些词，就能找到「部」。,bù
zh-其,literacy,其,qí,life,L1,充其量 何其,用组词来记：「充其量」「何其」。看见这些词，就能找到「其」。,qí
zh-些,literacy,些,xiē,life,L1,好些 某些,用组词来记：「好些」「某些」。看见这些词，就能找到「些」。,xiē
zh-主,literacy,主,zhǔ,life,L1,班主任 霸主,用组词来记：「班主任」「霸主」。看见这些词，就能找到「主」。,zhǔ
zh-样,literacy,样,yàng,life,L1,榜样 变样,用组词来记：「榜样」「变样」。看见这些词，就能找到「样」。,yàng
zh-理,literacy,理,lǐ,life,L1,按理 安理会,用组词来记：「按理」「安理会」。看见这些词，就能找到「理」。,lǐ
zh-心,literacy,心,xīn,body,L1,开心 爱心,用组词来记：「开心」「爱心」。看见这些词，就能找到「心」。,xīn
zh-本,literacy,本,běn,school,L1,本子 书本,用组词来记：「本子」「书本」。看见这些词，就能找到「本」。,běn
zh-前,literacy,前,qián,life,L1,前面 向前,用组词来记：「前面」「向前」。看见这些词，就能找到「前」。,qián
zh-开,literacy,开,kāi,life,L1,开门 开车,用组词来记：「开门」「开车」。看见这些词，就能找到「开」。,kāi
zh-但,literacy,但,dàn,animal,L1,但使龙城 不但,用组词来记：「但使龙城」「不但」。看见这些词，就能找到「但」。,dàn
zh-因,literacy,因,yīn,life,L1,病因 成因,用组词来记：「病因」「成因」。看见这些词，就能找到「因」。,yīn
zh-只,literacy,只,zhī,quantity,L1,一只 两只,用组词来记：「一只」「两只」。看见这些词，就能找到「只」。,zhī
zh-从,literacy,从,cóng,life,L1,笑问客从 从不,用组词来记：「笑问客从」「从不」。看见这些词，就能找到「从」。,cóng
zh-想,literacy,想,xiǎng,life,L1,不想 猜想,用组词来记：「不想」「猜想」。看见这些词，就能找到「想」。,xiǎng
zh-实,literacy,实,shí,life,L1,办实事 诚实,用组词来记：「办实事」「诚实」。看见这些词，就能找到「实」。,shí
zh-日,literacy,日,rì,nature,L1,日出 日子,用组词来记：「日出」「日子」。看见这些词，就能找到「日」。,rì
zh-军,literacy,军,jūn,life,L1,裁军 参军,用组词来记：「裁军」「参军」。看见这些词，就能找到「军」。,jūn
zh-者,literacy,者,zhě,life,L1,爱国者 爱好者,用组词来记：「爱国者」「爱好者」。看见这些词，就能找到「者」。,zhě
zh-意,literacy,意,yì,number,L1,一心一意 三心二意,用组词来记：「一心一意」「三心二意」。看见这些词，就能找到「意」。,yì
zh-无,literacy,无,wú,life,L1,无知己 乡音无改,用组词来记：「无知己」「乡音无改」。看见这些词，就能找到「无」。,wú
zh-力,literacy,力,lì,body,L1,力气 大力,用组词来记：「力气」「大力」。看见这些词，就能找到「力」。,lì
zh-它,literacy,它,tā,life,L1,其它 它们,用组词来记：「其它」「它们」。看见这些词，就能找到「它」。,tā
zh-与,literacy,与,yǔ,life,L1,参与 参与者,用组词来记：「参与」「参与者」。看见这些词，就能找到「与」。,yǔ
zh-长,literacy,长,zhǎng,nature,L1,长江 万里长征,用组词来记：「长江」「万里长征」。看见这些词，就能找到「长」。,zhǎng
zh-把,literacy,把,bǎ,life,L1,总把新桃 把柄,用组词来记：「总把新桃」「把柄」。看见这些词，就能找到「把」。,bǎ
zh-机,literacy,机,jī,body,L1,耳机 飞机,用组词来记：「耳机」「飞机」。看见这些词，就能找到「机」。,jī
zh-十,literacy,十,shí,number,L1,十个 十月,用组词来记：「十个」「十月」。看见这些词，就能找到「十」。,shí
zh-民,literacy,民,mín,life,L1,爱民 爱人民,用组词来记：「爱民」「爱人民」。看见这些词，就能找到「民」。,mín
zh-第,literacy,第,dì,number,L1,第二 第二步,用组词来记：「第二」「第二步」。看见这些词，就能找到「第」。,dì
zh-公,literacy,公,gōng,life,L1,公园 公鸡,用组词来记：「公园」「公鸡」。看见这些词，就能找到「公」。,gōng
zh-此,literacy,此,cǐ,nature,L1,至此回 只在此山,用组词来记：「至此回」「只在此山」。看见这些词，就能找到「此」。,cǐ
zh-已,literacy,已,yǐ,life,L1,轻舟已过 不得已,用组词来记：「轻舟已过」「不得已」。看见这些词，就能找到「已」。,yǐ
zh-工,literacy,工,gōng,life,L1,工作 罢工,用组词来记：「工作」「罢工」。看见这些词，就能找到「工」。,gōng
zh-使,literacy,使,shǐ,animal,L1,但使龙城 出使,用组词来记：「但使龙城」「出使」。看见这些词，就能找到「使」。,shǐ
zh-情,literacy,情,qíng,life,L1,送我情 爱情,用组词来记：「送我情」「爱情」。看见这些词，就能找到「情」。,qíng
zh-明,literacy,明,míng,life,L1,明天 明亮,用组词来记：「明天」「明亮」。看见这些词，就能找到「明」。,míng
zh-性,literacy,性,xìng,life,L1,安全性 报复性,用组词来记：「安全性」「报复性」。看见这些词，就能找到「性」。,xìng
zh-知,literacy,知,zhī,nature,L1,无知己 云深不知,用组词来记：「无知己」「云深不知」。看见这些词，就能找到「知」。,zhī
zh-全,literacy,全,quán,number,L1,十全十美 安全,用组词来记：「十全十美」「安全」。看见这些词，就能找到「全」。,quán
zh-三,literacy,三,sān,number,L1,三个 三月,用组词来记：「三个」「三月」。看见这些词，就能找到「三」。,sān
zh-又,literacy,又,yòu,nature,L1,又疑瑶台 春风吹又,用组词来记：「又疑瑶台」「春风吹又」。看见这些词，就能找到「又」。,yòu
zh-关,literacy,关,guān,life,L1,关门 开关,用组词来记：「关门」「开关」。看见这些词，就能找到「关」。,guān
zh-点,literacy,点,diǎn,body,L1,点头 百分点,用组词来记：「点头」「百分点」。看见这些词，就能找到「点」。,diǎn
zh-正,literacy,正,zhèng,life,L1,摆正 不正,用组词来记：「摆正」「不正」。看见这些词，就能找到「正」。,zhèng
zh-业,literacy,业,yè,school,L1,作业 课业,用组词来记：「作业」「课业」。看见这些词，就能找到「业」。,yè
zh-外,literacy,外,wài,life,L1,外面 门外,用组词来记：「外面」「门外」。看见这些词，就能找到「外」。,wài
zh-将,literacy,将,jiāng,life,L1,将欲行 飞将在,用组词来记：「将欲行」「飞将在」。看见这些词，就能找到「将」。,jiāng
zh-两,literacy,两,liǎng,quantity,L1,两个 两只,用组词来记：「两个」「两只」。看见这些词，就能找到「两」。,liǎng
zh-高,literacy,高,gāo,quantity,L1,高山 高兴,用组词来记：「高山」「高兴」。看见这些词，就能找到「高」。,gāo
zh-间,literacy,间,jiān,life,L1,中间 房间,用组词来记：「中间」「房间」。看见这些词，就能找到「间」。,jiān
zh-由,literacy,由,yóu,life,L1,不由 不由得,用组词来记：「不由」「不由得」。看见这些词，就能找到「由」。,yóu
zh-问,literacy,问,wèn,action,L1,问好 问人,用组词来记：「问好」「问人」。看见这些词，就能找到「问」。,wèn
zh-很,literacy,很,hěn,life,L1,很冷 很多,用组词来记：「很冷」「很多」。看见这些词，就能找到「很」。,hěn
zh-最,literacy,最,zuì,life,L1,最迟 最初,用组词来记：「最迟」「最初」。看见这些词，就能找到「最」。,zuì
zh-重,literacy,重,zhòng,nature,L1,万重山 保重,用组词来记：「万重山」「保重」。看见这些词，就能找到「重」。,zhòng
zh-并,literacy,并,bìng,life,L1,并按 并报,用组词来记：「并按」「并报」。看见这些词，就能找到「并」。,bìng
zh-物,literacy,物,wù,life,L1,博物 博物馆,用组词来记：「博物」「博物馆」。看见这些词，就能找到「物」。,wù
zh-手,literacy,手,shǒu,body,L1,小手 洗手,用组词来记：「小手」「洗手」。看见这些词，就能找到「手」。,shǒu
zh-应,literacy,应,yīng,life,L1,不应人 本应,用组词来记：「不应人」「本应」。看见这些词，就能找到「应」。,yīng
zh-战,literacy,战,zhàn,life,L1,备战 参战,用组词来记：「备战」「参战」。看见这些词，就能找到「战」。,zhàn
zh-向,literacy,向,xiàng,nature,L1,向前 曲项向天,用组词来记：「向前」「曲项向天」。看见这些词，就能找到「向」。,xiàng
zh-头,literacy,头,tóu,body,L1,点头 头发,用组词来记：「点头」「头发」。看见这些词，就能找到「头」。,tóu
zh-文,literacy,文,wén,school,L1,课文 半文盲,用组词来记：「课文」「半文盲」。看见这些词，就能找到「文」。,wén
zh-体,literacy,体,tǐ,body,L1,身体 半导体,用组词来记：「身体」「半导体」。看见这些词，就能找到「体」。,tǐ
zh-政,literacy,政,zhèng,life,L1,财政 财政部,用组词来记：「财政」「财政部」。看见这些词，就能找到「政」。,zhèng
zh-美,literacy,美,měi,number,L1,十全十美 爱美,用组词来记：「十全十美」「爱美」。看见这些词，就能找到「美」。,měi
zh-相,literacy,相,xiāng,life,L1,不相识 相对出,用组词来记：「不相识」「相对出」。看见这些词，就能找到「相」。,xiāng
zh-见,literacy,见,jiàn,animal,L1,看见 见牛羊,用组词来记：「看见」「见牛羊」。看见这些词，就能找到「见」。,jiàn
zh-被,literacy,被,bèi,life,L1,被捕 被称为,用组词来记：「被捕」「被称为」。看见这些词，就能找到「被」。,bèi
zh-利,literacy,利,lì,life,L1,本利 便利,用组词来记：「本利」「便利」。看见这些词，就能找到「利」。,lì
zh-什,literacy,什,shén,life,L1,干什么 喀什,用组词来记：「干什么」「喀什」。看见这些词，就能找到「什」。,shén
zh-二,literacy,二,èr,number,L1,二月 十二,用组词来记：「二月」「十二」。看见这些词，就能找到「二」。,èr
zh-等,literacy,等,děng,life,L1,不等 不等于,用组词来记：「不等」「不等于」。看见这些词，就能找到「等」。,děng
zh-产,literacy,产,chǎn,life,L1,半脱产 包产,用组词来记：「半脱产」「包产」。看见这些词，就能找到「产」。,chǎn
zh-或,literacy,或,huò,life,L1,或是 或许,用组词来记：「或是」「或许」。看见这些词，就能找到「或」。,huò
zh-新,literacy,新,xīn,life,L1,新年 新书,用组词来记：「新年」「新书」。看见这些词，就能找到「新」。,xīn
zh-己,literacy,己,jǐ,life,L1,自己 无知己,用组词来记：「自己」「无知己」。看见这些词，就能找到「己」。,jǐ
zh-制,literacy,制,zhì,life,L1,百分制 包干制,用组词来记：「百分制」「包干制」。看见这些词，就能找到「制」。,zhì
zh-身,literacy,身,shēn,body,L1,身体 身上,用组词来记：「身体」「身上」。看见这些词，就能找到「身」。,shēn
zh-果,literacy,果,guǒ,food,L1,水果 果子,用组词来记：「水果」「果子」。看见这些词，就能找到「果」。,guǒ
zh-加,literacy,加,jiā,life,L1,倍加 参加,用组词来记：「倍加」「参加」。看见这些词，就能找到「加」。,jiā
zh-西,literacy,西,xī,life,L1,西边 东西,用组词来记：「西边」「东西」。看见这些词，就能找到「西」。,xī
zh-斯,literacy,斯,sī,life,L1,俄罗斯 恩格斯,用组词来记：「俄罗斯」「恩格斯」。看见这些词，就能找到「斯」。,sī
zh-月,literacy,月,yuè,nature,L1,月亮 月光,用组词来记：「月亮」「月光」。看见这些词，就能找到「月」。,yuè
zh-话,literacy,话,huà,school,L1,说话 电话,用组词来记：「说话」「电话」。看见这些词，就能找到「话」。,huà
zh-合,literacy,合,hé,life,L1,闭合 不合,用组词来记：「闭合」「不合」。看见这些词，就能找到「合」。,hé
zh-回,literacy,回,huí,action,L1,回家 回来,用组词来记：「回家」「回来」。看见这些词，就能找到「回」。,huí
zh-特,literacy,特,tè,life,L1,独特 名特产,用组词来记：「独特」「名特产」。看见这些词，就能找到「特」。,tè
zh-代,literacy,代,dài,life,L1,代办 代办处,用组词来记：「代办」「代办处」。看见这些词，就能找到「代」。,dài
zh-内,literacy,内,nèi,life,L1,场内 党内,用组词来记：「场内」「党内」。看见这些词，就能找到「内」。,nèi
zh-信,literacy,信,xìn,life,L1,不信 宠信,用组词来记：「不信」「宠信」。看见这些词，就能找到「信」。,xìn
zh-表,literacy,表,biǎo,color,L1,报表 表白,用组词来记：「报表」「表白」。看见这些词，就能找到「表」。,biǎo
zh-化,literacy,化,huà,color,L1,白热化 变化,用组词来记：「白热化」「变化」。看见这些词，就能找到「化」。,huà
zh-老,literacy,老,lǎo,family,L1,老师 老人,用组词来记：「老师」「老人」。看见这些词，就能找到「老」。,lǎo
zh-给,literacy,给,gěi,action,L1,给你 给我,用组词来记：「给你」「给我」。看见这些词，就能找到「给」。,gěi
zh-世,literacy,世,shì,life,L1,本世纪 出世,用组词来记：「本世纪」「出世」。看见这些词，就能找到「世」。,shì
zh-位,literacy,位,wèi,life,L1,本单位 本位,用组词来记：「本单位」「本位」。看见这些词，就能找到「位」。,wèi
zh-次,literacy,次,cì,life,L1,班次 本次,用组词来记：「班次」「本次」。看见这些词，就能找到「次」。,cì
zh-度,literacy,度,dù,nature,L1,度阴山 春风不度,用组词来记：「度阴山」「春风不度」。看见这些词，就能找到「度」。,dù
zh-门,literacy,门,mén,life,L1,开门 大门,用组词来记：「开门」「大门」。看见这些词，就能找到「门」。,mén
zh-任,literacy,任,rèn,life,L1,班主任 曾任,用组词来记：「班主任」「曾任」。看见这些词，就能找到「任」。,rèn
zh-常,literacy,常,cháng,life,L1,常备 常德,用组词来记：「常备」「常德」。看见这些词，就能找到「常」。,cháng
zh-先,literacy,先,xiān,life,L1,急先锋 领先,用组词来记：「急先锋」「领先」。看见这些词，就能找到「先」。,xiān
zh-海,literacy,海,hǎi,nature,L1,大海 海边,用组词来记：「大海」「海边」。看见这些词，就能找到「海」。,hǎi
zh-通,literacy,通,tōng,life,L1,变通 拨通,用组词来记：「变通」「拨通」。看见这些词，就能找到「通」。,tōng
zh-教,literacy,教,jiào,animal,L1,不教胡马 佛教,用组词来记：「不教胡马」「佛教」。看见这些词，就能找到「教」。,jiào
zh-儿,literacy,儿,ér,family,L1,儿子 儿女,用组词来记：「儿子」「儿女」。看见这些词，就能找到「儿」。,ér
zh-原,literacy,原,yuán,life,L1,离离原上 草原,用组词来记：「离离原上」「草原」。看见这些词，就能找到「原」。,yuán
zh-东,literacy,东,dōng,life,L1,东边 东西,用组词来记：「东边」「东西」。看见这些词，就能找到「东」。,dōng
zh-声,literacy,声,shēng,life,L1,哭声 踏歌声,用组词来记：「哭声」「踏歌声」。看见这些词，就能找到「声」。,shēng
zh-提,literacy,提,tí,life,L1,别提 并提,用组词来记：「别提」「并提」。看见这些词，就能找到「提」。,tí
zh-立,literacy,立,lì,body,L1,立上头 并立,用组词来记：「立上头」「并立」。看见这些词，就能找到「立」。,lì
zh-及,literacy,及,jí,life,L1,不及汪伦 遍及,用组词来记：「不及汪伦」「遍及」。看见这些词，就能找到「及」。,jí
zh-比,literacy,比,bǐ,life,L1,按比例 百分比,用组词来记：「按比例」「百分比」。看见这些词，就能找到「比」。,bǐ
zh-员,literacy,员,yuán,life,L1,办事员 保管员,用组词来记：「办事员」「保管员」。看见这些词，就能找到「员」。,yuán
zh-解,literacy,解,jiě,number,L1,不解藏踪 解落三秋,用组词来记：「不解藏踪」「解落三秋」。看见这些词，就能找到「解」。,jiě
zh-水,literacy,水,shuǐ,nature,L1,喝水 水果,用组词来记：「喝水」「水果」。看见这些词，就能找到「水」。,shuǐ
zh-名,literacy,名,míng,school,L1,名字 小名,用组词来记：「名字」「小名」。看见这些词，就能找到「名」。,míng
zh-真,literacy,真,zhēn,life,L1,逼真 传真,用组词来记：「逼真」「传真」。看见这些词，就能找到「真」。,zhēn
zh-论,literacy,论,lùn,life,L1,辩论 不论,用组词来记：「辩论」「不论」。看见这些词，就能找到「论」。,lùn
zh-处,literacy,处,chù,life,L1,何处来 登高处,用组词来记：「何处来」「登高处」。看见这些词，就能找到「处」。,chù
zh-走,literacy,走,zǒu,action,L1,走路 走开,用组词来记：「走路」「走开」。看见这些词，就能找到「走」。,zǒu
zh-义,literacy,义,yì,life,L1,贬义 不义,用组词来记：「贬义」「不义」。看见这些词，就能找到「义」。,yì
zh-各,literacy,各,gè,life,L1,各部 各部门,用组词来记：「各部」「各部门」。看见这些词，就能找到「各」。,gè
zh-入,literacy,入,rù,life,L1,入口 进入,用组词来记：「入口」「进入」。看见这些词，就能找到「入」。,rù
zh-几,literacy,几,jǐ,nature,L1,几岁 不几天,用组词来记：「几岁」「不几天」。看见这些词，就能找到「几」。,jǐ
zh-口,literacy,口,kǒu,body,L1,开口 大口,用组词来记：「开口」「大口」。看见这些词，就能找到「口」。,kǒu
zh-认,literacy,认,rèn,life,L1,辨认 承认,用组词来记：「辨认」「承认」。看见这些词，就能找到「认」。,rèn
zh-条,literacy,条,tiáo,color,L1,面条 白条,用组词来记：「面条」「白条」。看见这些词，就能找到「条」。,tiáo
zh-平,literacy,平,píng,life,L1,不平 不平等,用组词来记：「不平」「不平等」。看见这些词，就能找到「平」。,píng
zh-系,literacy,系,xì,life,L1,本系统 关系,用组词来记：「本系统」「关系」。看见这些词，就能找到「系」。,xì
zh-气,literacy,气,qì,nature,L1,天气 空气,用组词来记：「天气」「空气」。看见这些词，就能找到「气」。,qì
zh-题,literacy,题,tí,life,L1,标题 成问题,用组词来记：「标题」「成问题」。看见这些词，就能找到「题」。,tí
zh-活,literacy,活,huó,life,L1,成活 成活率,用组词来记：「成活」「成活率」。看见这些词，就能找到「活」。,huó
zh-尔,literacy,尔,ěr,life,L1,哈尔滨 华尔街,用组词来记：「哈尔滨」「华尔街」。看见这些词，就能找到「尔」。,ěr
zh-更,literacy,更,gèng,number,L1,更上一层 更大,用组词来记：「更上一层」「更大」。看见这些词，就能找到「更」。,gèng
zh-别,literacy,别,bié,life,L1,辨别 别处,用组词来记：「辨别」「别处」。看见这些词，就能找到「别」。,bié
zh-打,literacy,打,dǎ,action,L1,打开 打球,用组词来记：「打开」「打球」。看见这些词，就能找到「打」。,dǎ
zh-女,literacy,女,nǚ,family,L1,女儿 女孩,用组词来记：「女儿」「女孩」。看见这些词，就能找到「女」。,nǚ
zh-变,literacy,变,biàn,life,L1,变成 变得,用组词来记：「变成」「变得」。看见这些词，就能找到「变」。,biàn
zh-四,literacy,四,sì,number,L1,四个 四季,用组词来记：「四个」「四季」。看见这些词，就能找到「四」。,sì
zh-神,literacy,神,shén,family,L1,财神 财神爷,用组词来记：「财神」「财神爷」。看见这些词，就能找到「神」。,shén
zh-总,literacy,总,zǒng,life,L1,总把新桃 副总裁,用组词来记：「总把新桃」「副总裁」。看见这些词，就能找到「总」。,zǒng
zh-何,literacy,何,hé,nature,L1,何处来 莲叶何田,用组词来记：「何处来」「莲叶何田」。看见这些词，就能找到「何」。,hé
zh-电,literacy,电,diàn,life,L1,电话 电灯,用组词来记：「电话」「电灯」。看见这些词，就能找到「电」。,diàn
zh-数,literacy,数,shù,body,L1,少数 数目,用组词来记：「少数」「数目」。看见这些词，就能找到「数」。,shù
zh-安,literacy,安,ān,life,L1,早安 晚安,用组词来记：「早安」「晚安」。看见这些词，就能找到「安」。,ān
zh-少,literacy,少,shǎo,quantity,L1,很少 多少,用组词来记：「很少」「多少」。看见这些词，就能找到「少」。,shǎo
zh-报,literacy,报,bào,life,L1,板报 报案,用组词来记：「板报」「报案」。看见这些词，就能找到「报」。,bào
zh-才,literacy,才,cái,life,L1,小荷才露 才干,用组词来记：「小荷才露」「才干」。看见这些词，就能找到「才」。,cái
zh-结,literacy,结,jié,life,L1,板结 大团结,用组词来记：「板结」「大团结」。看见这些词，就能找到「结」。,jié
zh-反,literacy,反,fǎn,life,L1,策反 唱反调,用组词来记：「策反」「唱反调」。看见这些词，就能找到「反」。,fǎn
zh-受,literacy,受,shòu,life,L1,倍受 承受,用组词来记：「倍受」「承受」。看见这些词，就能找到「受」。,shòu
zh-目,literacy,目,mù,body,L1,目光 数目,用组词来记：「目光」「数目」。看见这些词，就能找到「目」。,mù
zh-太,literacy,太,tài,life,L1,老太太 太空,用组词来记：「老太太」「太空」。看见这些词，就能找到「太」。,tài
zh-量,literacy,量,liàng,life,L1,按量 捕获量,用组词来记：「按量」「捕获量」。看见这些词，就能找到「量」。,liàng
zh-再,literacy,再,zài,number,L1,不再 一再,用组词来记：「不再」「一再」。看见这些词，就能找到「再」。,zài
zh-感,literacy,感,gǎn,life,L1,安全感 倍感,用组词来记：「安全感」「倍感」。看见这些词，就能找到「感」。,gǎn
zh-建,literacy,建,jiàn,life,L1,城建 承建,用组词来记：「城建」「承建」。看见这些词，就能找到「建」。,jiàn
zh-务,literacy,务,wù,life,L1,班务会 报务,用组词来记：「班务会」「报务」。看见这些词，就能找到「务」。,wù
zh-做,literacy,做,zuò,life,L1,当做 定做,用组词来记：「当做」「定做」。看见这些词，就能找到「做」。,zuò
zh-接,literacy,接,jiē,life,L1,承接 对接,用组词来记：「承接」「对接」。看见这些词，就能找到「接」。,jiē
zh-必,literacy,必,bì,life,L1,必败 必备,用组词来记：「必败」「必备」。看见这些词，就能找到「必」。,bì
zh-场,literacy,场,chǎng,food,L1,菜场 菜市场,用组词来记：「菜场」「菜市场」。看见这些词，就能找到「场」。,chǎng
zh-件,literacy,件,jiàn,life,L1,案件 备件,用组词来记：「案件」「备件」。看见这些词，就能找到「件」。,jiàn
zh-计,literacy,计,jì,life,L1,按计划 不计,用组词来记：「按计划」「不计」。看见这些词，就能找到「计」。,jì
zh-管,literacy,管,guǎn,life,L1,保管 保管员,用组词来记：「保管」「保管员」。看见这些词，就能找到「管」。,guǎn
zh-期,literacy,期,qī,life,L1,按期 保存期,用组词来记：「按期」「保存期」。看见这些词，就能找到「期」。,qī
zh-市,literacy,市,shì,life,L1,北京市 本市,用组词来记：「北京市」「本市」。看见这些词，就能找到「市」。,shì
zh-直,literacy,直,zhí,life,L1,飞流直下 秉直,用组词来记：「飞流直下」「秉直」。看见这些词，就能找到「直」。,zhí
zh-德,literacy,德,dé,life,L1,不道德 常德,用组词来记：「不道德」「常德」。看见这些词，就能找到「德」。,dé
zh-资,literacy,资,zī,life,L1,筹资 出资,用组词来记：「筹资」「出资」。看见这些词，就能找到「资」。,zī
zh-命,literacy,命,mìng,life,L1,大革命 待命,用组词来记：「大革命」「待命」。看见这些词，就能找到「命」。,mìng
zh-山,literacy,山,shān,nature,L1,大山 上山,用组词来记：「大山」「上山」。看见这些词，就能找到「山」。,shān
zh-金,literacy,金,jīn,color,L1,金色 金鱼,用组词来记：「金色」「金鱼」。看见这些词，就能找到「金」。,jīn
zh-指,literacy,指,zhǐ,life,L1,拇指 染指,用组词来记：「拇指」「染指」。看见这些词，就能找到「指」。,zhǐ
zh-克,literacy,克,kè,life,L1,鄂温克 攻克,用组词来记：「鄂温克」「攻克」。看见这些词，就能找到「克」。,kè
zh-许,literacy,许,xǔ,life,L1,不容许 不许,用组词来记：「不容许」「不许」。看见这些词，就能找到「许」。,xǔ
zh-统,literacy,统,tǒng,life,L1,本系统 传统,用组词来记：「本系统」「传统」。看见这些词，就能找到「统」。,tǒng
zh-区,literacy,区,qū,life,L1,安全区 保护区,用组词来记：「安全区」「保护区」。看见这些词，就能找到「区」。,qū
zh-保,literacy,保,bǎo,life,L1,保安 保本,用组词来记：「保安」「保本」。看见这些词，就能找到「保」。,bǎo
zh-至,literacy,至,zhì,life,L1,至此回 不至于,用组词来记：「至此回」「不至于」。看见这些词，就能找到「至」。,zhì
zh-队,literacy,队,duì,number,L1,包工队 八一队,用组词来记：「包工队」「八一队」。看见这些词，就能找到「队」。,duì
zh-形,literacy,形,xíng,life,L1,变形 长方形,用组词来记：「变形」「长方形」。看见这些词，就能找到「形」。,xíng
zh-社,literacy,社,shè,life,L1,报社 出版社,用组词来记：「报社」「出版社」。看见这些词，就能找到「社」。,shè
zh-便,literacy,便,biàn,life,L1,便当 便函,用组词来记：「便当」「便函」。看见这些词，就能找到「便」。,biàn
zh-空,literacy,空,kōng,nature,L1,天空 星空,用组词来记：「天空」「星空」。看见这些词，就能找到「空」。,kōng
zh-决,literacy,决,jué,life,L1,半决赛 表决,用组词来记：「半决赛」「表决」。看见这些词，就能找到「决」。,jué
zh-治,literacy,治,zhì,life,L1,惩治 防治,用组词来记：「惩治」「防治」。看见这些词，就能找到「治」。,zhì
zh-展,literacy,展,zhǎn,body,L1,参展 发展,用组词来记：「参展」「发展」。看见这些词，就能找到「展」。,zhǎn
zh-马,literacy,马,mǎ,animal,L1,小马 骑马,用组词来记：「小马」「骑马」。看见这些词，就能找到「马」。,mǎ
zh-科,literacy,科,kē,school,L1,爱科学 百科,用组词来记：「爱科学」「百科」。看见这些词，就能找到「科」。,kē
zh-司,literacy,司,sī,life,L1,分公司 公司,用组词来记：「分公司」「公司」。看见这些词，就能找到「司」。,sī
zh-五,literacy,五,wǔ,number,L1,五个 五月,用组词来记：「五个」「五月」。看见这些词，就能找到「五」。,wǔ
zh-基,literacy,基,jī,life,L1,打基础 奠基,用组词来记：「打基础」「奠基」。看见这些词，就能找到「基」。,jī
zh-眼,literacy,眼,yǎn,body,L1,眼睛 睁眼,用组词来记：「眼睛」「睁眼」。看见这些词，就能找到「眼」。,yǎn
zh-书,literacy,书,shū,life,L1,读书 书包,用组词来记：「读书」「书包」。看见这些词，就能找到「书」。,shū
zh-非,literacy,非,fēi,life,L1,并非 除非,用组词来记：「并非」「除非」。看见这些词，就能找到「非」。,fēi
zh-则,literacy,则,zé,life,L1,不规则 多则,用组词来记：「不规则」「多则」。看见这些词，就能找到「则」。,zé
zh-听,literacy,听,tīng,action,L1,听话 听说,用组词来记：「听话」「听说」。看见这些词，就能找到「听」。,tīng
zh-白,literacy,白,bái,color,L1,白云 白色,用组词来记：「白云」「白色」。看见这些词，就能找到「白」。,bái
zh-却,literacy,却,què,life,L1,冷却 了却,用组词来记：「冷却」「了却」。看见这些词，就能找到「却」。,què
zh-界,literacy,界,jiè,life,L1,报界 边界,用组词来记：「报界」「边界」。看见这些词，就能找到「界」。,jiè
zh-达,literacy,达,dá,number,L1,安达 八达岭,用组词来记：「安达」「八达岭」。看见这些词，就能找到「达」。,dá
zh-光,literacy,光,guāng,nature,L1,阳光 灯光,用组词来记：「阳光」「灯光」。看见这些词，就能找到「光」。,guāng
zh-放,literacy,放,fàng,life,L1,百花齐放 安放,用组词来记：「百花齐放」「安放」。看见这些词，就能找到「放」。,fàng
zh-强,literacy,强,qiáng,life,L1,富强 刚强,用组词来记：「富强」「刚强」。看见这些词，就能找到「强」。,qiáng
zh-即,literacy,即,jí,life,L1,当即 即便,用组词来记：「当即」「即便」。看见这些词，就能找到「即」。,jí
zh-像,literacy,像,xiàng,life,L1,雕像 佛像,用组词来记：「雕像」「佛像」。看见这些词，就能找到「像」。,xiàng
zh-难,literacy,难,nán,life,L1,避难 避难所,用组词来记：「避难」「避难所」。看见这些词，就能找到「难」。,nán
zh-且,literacy,且,qiě,life,L1,并且 而且,用组词来记：「并且」「而且」。看见这些词，就能找到「且」。,qiě
zh-权,literacy,权,quán,life,L1,版权 霸权,用组词来记：「版权」「霸权」。看见这些词，就能找到「权」。,quán
zh-思,literacy,思,sī,body,L1,倍思亲 低头思故,用组词来记：「倍思亲」「低头思故」。看见这些词，就能找到「思」。,sī
zh-王,literacy,王,wáng,life,L1,霸王 国王,用组词来记：「霸王」「国王」。看见这些词，就能找到「王」。,wáng
zh-象,literacy,象,xiàng,nature,L1,大象 小象,用组词来记：「大象」「小象」。看见这些词，就能找到「象」。,xiàng
zh-完,literacy,完,wán,life,L1,没完 完备,用组词来记：「没完」「完备」。看见这些词，就能找到「完」。,wán
zh-设,literacy,设,shè,life,L2,摆设 常设,用组词来记：「摆设」「常设」。看见这些词，就能找到「设」。,shè
zh-式,literacy,式,shì,life,L2,板式 便携式,用组词来记：「板式」「便携式」。看见这些词，就能找到「式」。,shì
zh-色,literacy,色,sè,number,L2,七色 白色,用组词来记：「七色」「白色」。看见这些词，就能找到「色」。,sè
zh-路,literacy,路,lù,life,L2,马路 走路,用组词来记：「马路」「走路」。看见这些词，就能找到「路」。,lù
zh-记,literacy,记,jì,school,L2,标记 笔记,用组词来记：「标记」「笔记」。看见这些词，就能找到「记」。,jì
zh-南,literacy,南,nán,life,L2,南边 南风,用组词来记：「南边」「南风」。看见这些词，就能找到「南」。,nán
zh-品,literacy,品,pǐn,life,L2,半成品 必需品,用组词来记：「半成品」「必需品」。看见这些词，就能找到「品」。,pǐn
zh-住,literacy,住,zhù,life,L2,住户 站住,用组词来记：「住户」「站住」。看见这些词，就能找到「住」。,zhù
zh-告,literacy,告,gào,life,L2,报告 报告会,用组词来记：「报告」「报告会」。看见这些词，就能找到「告」。,gào
zh-类,literacy,类,lèi,life,L2,败类 部类,用组词来记：「败类」「部类」。看见这些词，就能找到「类」。,lèi
zh-求,literacy,求,qiú,life,L2,哀求 供求,用组词来记：「哀求」「供求」。看见这些词，就能找到「求」。,qiú
zh-据,literacy,据,jù,life,L2,单据 根据,用组词来记：「单据」「根据」。看见这些词，就能找到「据」。,jù
zh-程,literacy,程,chéng,life,L2,程度 程控,用组词来记：「程度」「程控」。看见这些词，就能找到「程」。,chéng
zh-北,literacy,北,běi,life,L2,北边 北风,用组词来记：「北边」「北风」。看见这些词，就能找到「北」。,běi
zh-边,literacy,边,biān,life,L2,东边 北边,用组词来记：「东边」「北边」。看见这些词，就能找到「边」。,biān
zh-死,literacy,死,sǐ,life,L2,打死 冻死,用组词来记：「打死」「冻死」。看见这些词，就能找到「死」。,sǐ
zh-张,literacy,张,zhāng,school,L2,纸张 慌张,用组词来记：「纸张」「慌张」。看见这些词，就能找到「张」。,zhāng
zh-该,literacy,该,gāi,life,L2,本该 不该,用组词来记：「本该」「不该」。看见这些词，就能找到「该」。,gāi
zh-交,literacy,交,jiāo,life,L2,补交 成交,用组词来记：「补交」「成交」。看见这些词，就能找到「交」。,jiāo
zh-规,literacy,规,guī,life,L2,按规定 不规则,用组词来记：「按规定」「不规则」。看见这些词，就能找到「规」。,guī
zh-万,literacy,万,wàn,number,L2,一万 千万,用组词来记：「一万」「千万」。看见这些词，就能找到「万」。,wàn
zh-取,literacy,取,qǔ,life,L2,采取 抽取,用组词来记：「采取」「抽取」。看见这些词，就能找到「取」。,qǔ
zh-拉,literacy,拉,lā,life,L2,拉长 拉扯,用组词来记：「拉长」「拉扯」。看见这些词，就能找到「拉」。,lā
zh-格,literacy,格,gé,life,L2,表格 出格,用组词来记：「表格」「出格」。看见这些词，就能找到「格」。,gé
zh-望,literacy,望,wàng,body,L2,举头望明 巴望,用组词来记：「举头望明」「巴望」。看见这些词，就能找到「望」。,wàng
zh-觉,literacy,觉,jué,life,L2,睡觉 春眠不觉,用组词来记：「睡觉」「春眠不觉」。看见这些词，就能找到「觉」。,jué
zh-术,literacy,术,shù,life,L2,高技术 核技术,用组词来记：「高技术」「核技术」。看见这些词，就能找到「术」。,shù
zh-领,literacy,领,lǐng,life,L2,本领 带领,用组词来记：「本领」「带领」。看见这些词，就能找到「领」。,lǐng
zh-共,literacy,共,gòng,life,L2,共产党 共处,用组词来记：「共产党」「共处」。看见这些词，就能找到「共」。,gòng
zh-确,literacy,确,què,life,L2,的确 精确,用组词来记：「的确」「精确」。看见这些词，就能找到「确」。,què
zh-传,literacy,传,chuán,life,L2,传帮带 传遍,用组词来记：「传帮带」「传遍」。看见这些词，就能找到「传」。,chuán
zh-师,literacy,师,shī,family,L2,老师 师父,用组词来记：「老师」「师父」。看见这些词，就能找到「师」。,shī
zh-观,literacy,观,guān,life,L2,悲观 参观,用组词来记：「悲观」「参观」。看见这些词，就能找到「观」。,guān
zh-清,literacy,清,qīng,color,L2,山清水秀 红掌拨清,用组词来记：「山清水秀」「红掌拨清」。看见这些词，就能找到「清」。,qīng
zh-今,literacy,今,jīn,life,L2,今天 今晚,用组词来记：「今天」「今晚」。看见这些词，就能找到「今」。,jīn
zh-切,literacy,切,qiè,life,L2,关切 急切,用组词来记：「关切」「急切」。看见这些词，就能找到「切」。,qiè
zh-院,literacy,院,yuàn,life,L2,保育院 病院,用组词来记：「保育院」「病院」。看见这些词，就能找到「院」。,yuàn
zh-让,literacy,让,ràng,life,L2,出让 互让,用组词来记：「出让」「互让」。看见这些词，就能找到「让」。,ràng
zh-识,literacy,识,shí,life,L2,不相识 不识君,用组词来记：「不相识」「不识君」。看见这些词，就能找到「识」。,shí
zh-候,literacy,候,hòu,life,L2,伺候 到时候,用组词来记：「伺候」「到时候」。看见这些词，就能找到「候」。,hòu
zh-带,literacy,带,dài,life,L2,安全带 传帮带,用组词来记：「安全带」「传帮带」。看见这些词，就能找到「带」。,dài
zh-导,literacy,导,dǎo,life,L2,半导体 编导,用组词来记：「半导体」「编导」。看见这些词，就能找到「导」。,dǎo
zh-争,literacy,争,zhēng,life,L2,斗争 斗争性,用组词来记：「斗争」「斗争性」。看见这些词，就能找到「争」。,zhēng
zh-运,literacy,运,yùn,life,L2,奥运会 搬运,用组词来记：「奥运会」「搬运」。看见这些词，就能找到「运」。,yùn
zh-笑,literacy,笑,xiào,action,L2,笑脸 大笑,用组词来记：「笑脸」「大笑」。看见这些词，就能找到「笑」。,xiào
zh-飞,literacy,飞,fēi,action,L2,飞机 飞鸟,用组词来记：「飞机」「飞鸟」。看见这些词，就能找到「飞」。,fēi
zh-风,literacy,风,fēng,nature,L2,大风 风车,用组词来记：「大风」「风车」。看见这些词，就能找到「风」。,fēng
zh-步,literacy,步,bù,action,L2,舞步 跑步,用组词来记：「舞步」「跑步」。看见这些词，就能找到「步」。,bù
zh-改,literacy,改,gǎi,life,L2,乡音无改 篡改,用组词来记：「乡音无改」「篡改」。看见这些词，就能找到「改」。,gǎi
zh-收,literacy,收,shōu,life,L2,秋收万颗 超收,用组词来记：「秋收万颗」「超收」。看见这些词，就能找到「收」。,shōu
zh-根,literacy,根,gēn,life,L2,病根 存根,用组词来记：「病根」「存根」。看见这些词，就能找到「根」。,gēn
zh-干,literacy,干,gàn,life,L2,包干 包干制,用组词来记：「包干」「包干制」。看见这些词，就能找到「干」。,gàn
zh-造,literacy,造,zào,life,L2,编造 创造,用组词来记：「编造」「创造」。看见这些词，就能找到「造」。,zào
zh-言,literacy,言,yán,life,L2,言师采药 代言人,用组词来记：「言师采药」「代言人」。看见这些词，就能找到「言」。,yán
zh-联,literacy,联,lián,life,L2,并联 残联,用组词来记：「并联」「残联」。看见这些词，就能找到「联」。,lián
zh-持,literacy,持,chí,life,L2,把持 保持,用组词来记：「把持」「保持」。看见这些词，就能找到「持」。,chí
zh-组,literacy,组,zǔ,life,L2,班组 班组长,用组词来记：「班组」「班组长」。看见这些词，就能找到「组」。,zǔ
zh-每,literacy,每,měi,life,L2,每逢佳节 每次,用组词来记：「每逢佳节」「每次」。看见这些词，就能找到「每」。,měi
zh-济,literacy,济,jì,life,L2,不经济 接济,用组词来记：「不经济」「接济」。看见这些词，就能找到「济」。,jì
zh-车,literacy,车,chē,life,L2,小车 开车,用组词来记：「小车」「开车」。看见这些词，就能找到「车」。,chē
zh-亲,literacy,亲,qīn,family,L2,亲朋 母亲,用组词来记：「亲朋」「母亲」。看见这些词，就能找到「亲」。,qīn
zh-极,literacy,极,jí,life,L2,北极 北极星,用组词来记：「北极」「北极星」。看见这些词，就能找到「极」。,jí
zh-林,literacy,林,lín,life,L2,枫林晚 歌声振林,用组词来记：「枫林晚」「歌声振林」。看见这些词，就能找到「林」。,lín
zh-服,literacy,服,fú,life,L2,衣服 不服,用组词来记：「衣服」「不服」。看见这些词，就能找到「服」。,fú
zh-快,literacy,快,kuài,action,L2,快跑 快乐,用组词来记：「快跑」「快乐」。看见这些词，就能找到「快」。,kuài
zh-办,literacy,办,bàn,life,L2,办案 办班,用组词来记：「办案」「办班」。看见这些词，就能找到「办」。,bàn
zh-议,literacy,议,yì,life,L2,参议 倡议,用组词来记：「参议」「倡议」。看见这些词，就能找到「议」。,yì
zh-往,literacy,往,wǎng,life,L2,不来往 飞往,用组词来记：「不来往」「飞往」。看见这些词，就能找到「往」。,wǎng
zh-元,literacy,元,yuán,life,L2,单元 多元,用组词来记：「单元」「多元」。看见这些词，就能找到「元」。,yuán
zh-英,literacy,英,yīng,life,L2,精英 群英,用组词来记：「精英」「群英」。看见这些词，就能找到「英」。,yīng
zh-士,literacy,士,shì,life,L2,博士 博士生,用组词来记：「博士」「博士生」。看见这些词，就能找到「士」。,shì
zh-证,literacy,证,zhèng,life,L2,保证 保证金,用组词来记：「保证」「保证金」。看见这些词，就能找到「证」。,zhèng
zh-近,literacy,近,jìn,action,L2,近听水无 挨近,用组词来记：「近听水无」「挨近」。看见这些词，就能找到「近」。,jìn
zh-失,literacy,失,shī,life,L2,不失 不失为,用组词来记：「不失」「不失为」。看见这些词，就能找到「失」。,shī
zh-转,literacy,转,zhuǎn,life,L2,并转 掉转,用组词来记：「并转」「掉转」。看见这些词，就能找到「转」。,zhuǎn
zh-夫,literacy,夫,fū,life,L2,农夫犹饿 大夫,用组词来记：「农夫犹饿」「大夫」。看见这些词，就能找到「夫」。,fū
zh-令,literacy,令,lìng,life,L2,法令 号令,用组词来记：「法令」「号令」。看见这些词，就能找到「令」。,lìng
zh-准,literacy,准,zhǔn,life,L2,标准 不准,用组词来记：「标准」「不准」。看见这些词，就能找到「准」。,zhǔn
zh-布,literacy,布,bù,action,L2,布鞋 遥看瀑布,用组词来记：「布鞋」「遥看瀑布」。看见这些词，就能找到「布」。,bù
zh-怎,literacy,怎,zěn,life,L2,怎么 怎么办,用组词来记：「怎么」「怎么办」。看见这些词，就能找到「怎」。,zěn
zh-存,literacy,存,cún,life,L2,保存 保存期,用组词来记：「保存」「保存期」。看见这些词，就能找到「存」。,cún
zh-未,literacy,未,wèi,life,L2,人未还 并未,用组词来记：「人未还」「并未」。看见这些词，就能找到「未」。,wèi
zh-远,literacy,远,yuǎn,action,L2,远上寒山 远看山有,用组词来记：「远上寒山」「远看山有」。看见这些词，就能找到「远」。,yuǎn
zh-叫,literacy,叫,jiào,life,L2,哀叫 喊叫,用组词来记：「哀叫」「喊叫」。看见这些词，就能找到「叫」。,jiào
zh-台,literacy,台,tái,number,L2,台灯 亭台六七,用组词来记：「台灯」「亭台六七」。看见这些词，就能找到「台」。,tái
zh-单,literacy,单,dān,life,L2,本单位 不单,用组词来记：「本单位」「不单」。看见这些词，就能找到「单」。,dān
zh-影,literacy,影,yǐng,nature,L2,电影 电影界,用组词来记：「电影」「电影界」。看见这些词，就能找到「影」。,yǐng
zh-具,literacy,具,jù,action,L2,玩具 餐具,用组词来记：「玩具」「餐具」。看见这些词，就能找到「具」。,jù
zh-罗,literacy,罗,luō,life,L2,俄罗斯 罗列,用组词来记：「俄罗斯」「罗列」。看见这些词，就能找到「罗」。,luō
zh-字,literacy,字,zì,school,L2,写字 生字,用组词来记：「写字」「生字」。看见这些词，就能找到「字」。,zì
zh-爱,literacy,爱,ài,self,L2,爱心 爱家,用组词来记：「爱心」「爱家」。看见这些词，就能找到「爱」。,ài
zh-击,literacy,击,jī,life,L2,搏击 冲击,用组词来记：「搏击」「冲击」。看见这些词，就能找到「击」。,jī
zh-流,literacy,流,liú,nature,L2,惜细流 碧水东流,用组词来记：「惜细流」「碧水东流」。看见这些词，就能找到「流」。,liú
zh-备,literacy,备,bèi,life,L2,备案 备查,用组词来记：「备案」「备查」。看见这些词，就能找到「备」。,bèi
zh-兵,literacy,兵,bīng,life,L2,标兵 兵变,用组词来记：「标兵」「兵变」。看见这些词，就能找到「兵」。,bīng
zh-连,literacy,连,lián,life,L2,大连 接连,用组词来记：「大连」「接连」。看见这些词，就能找到「连」。,lián
zh-调,literacy,调,diào,school,L2,笔调 步调,用组词来记：「笔调」「步调」。看见这些词，就能找到「调」。,diào
zh-深,literacy,深,shēn,nature,L2,深千尺 云深不知,用组词来记：「深千尺」「云深不知」。看见这些词，就能找到「深」。,shēn
zh-商,literacy,商,shāng,life,L2,厂商 承包商,用组词来记：「厂商」「承包商」。看见这些词，就能找到「商」。,shāng
zh-算,literacy,算,suàn,life,L2,不算 测算,用组词来记：「不算」「测算」。看见这些词，就能找到「算」。,suàn
zh-质,literacy,质,zhì,life,L2,保质 本质,用组词来记：「保质」「本质」。看见这些词，就能找到「质」。,zhì
zh-团,literacy,团,tuán,life,L2,报告团 兵团,用组词来记：「报告团」「兵团」。看见这些词，就能找到「团」。,tuán
zh-集,literacy,集,jí,life,L2,采集 筹集,用组词来记：「采集」「筹集」。看见这些词，就能找到「集」。,jí
zh-百,literacy,百,bǎi,number,L2,一百 百花,用组词来记：「一百」「百花」。看见这些词，就能找到「百」。,bǎi
zh-需,literacy,需,xū,life,L2,必需 必需品,用组词来记：「必需」「必需品」。看见这些词，就能找到「需」。,xū
zh-价,literacy,价,jià,life,L2,报价 保价,用组词来记：「报价」「保价」。看见这些词，就能找到「价」。,jià
zh-花,literacy,花,huā,nature,L2,花朵 红花,用组词来记：「花朵」「红花」。看见这些词，就能找到「花」。,huā
zh-党,literacy,党,dǎng,life,L2,党代表 党代会,用组词来记：「党代表」「党代会」。看见这些词，就能找到「党」。,dǎng
zh-华,literacy,华,huá,life,L2,才华 对华,用组词来记：「才华」「对华」。看见这些词，就能找到「华」。,huá
zh-城,literacy,城,chéng,animal,L2,一片孤城 但使龙城,用组词来记：「一片孤城」「但使龙城」。看见这些词，就能找到「城」。,chéng
zh-石,literacy,石,shí,nature,L2,石头 大石,用组词来记：「石头」「大石」。看见这些词，就能找到「石」。,shí
zh-级,literacy,级,jí,life,L2,班级 部级,用组词来记：「班级」「部级」。看见这些词，就能找到「级」。,jí
zh-整,literacy,整,zhěng,life,L2,挨整 重整,用组词来记：「挨整」「重整」。看见这些词，就能找到「整」。,zhěng
zh-府,literacy,府,fǔ,life,L2,反政府 港府,用组词来记：「反政府」「港府」。看见这些词，就能找到「府」。,fǔ
zh-离,literacy,离,lí,life,L2,少小离家 离离原上,用组词来记：「少小离家」「离离原上」。看见这些词，就能找到「离」。,lí
zh-况,literacy,况,kuàng,life,L2,概况 何况,用组词来记：「概况」「何况」。看见这些词，就能找到「况」。,kuàng
zh-亚,literacy,亚,yà,life,L2,不亚于 东南亚,用组词来记：「不亚于」「东南亚」。看见这些词，就能找到「亚」。,yà
zh-请,literacy,请,qǐng,life,L2,报请 并请,用组词来记：「报请」「并请」。看见这些词，就能找到「请」。,qǐng
zh-技,literacy,技,jì,life,L2,高技术 高科技,用组词来记：「高技术」「高科技」。看见这些词，就能找到「技」。,jì
zh-际,literacy,际,jì,life,L2,边际 国际,用组词来记：「边际」「国际」。看见这些词，就能找到「际」。,jì
zh-约,literacy,约,yuē,life,L2,北约 大约,用组词来记：「北约」「大约」。看见这些词，就能找到「约」。,yuē
zh-示,literacy,示,shì,life,L2,暗示 表示,用组词来记：「暗示」「表示」。看见这些词，就能找到「示」。,shì
zh-复,literacy,复,fù,life,L2,报复 报复性,用组词来记：「报复」「报复性」。看见这些词，就能找到「复」。,fù
zh-病,literacy,病,bìng,life,L2,爱滋病 抱病,用组词来记：「爱滋病」「抱病」。看见这些词，就能找到「病」。,bìng
zh-息,literacy,息,xī,life,L2,安息 不息,用组词来记：「安息」「不息」。看见这些词，就能找到「息」。,xī
zh-究,literacy,究,jiū,life,L2,讲究 究竟,用组词来记：「讲究」「究竟」。看见这些词，就能找到「究」。,jiū
zh-线,literacy,线,xiàn,life,L2,边界线 边线,用组词来记：「边界线」「边线」。看见这些词，就能找到「线」。,xiàn
zh-似,literacy,似,shì,life,L2,好似 近似,用组词来记：「好似」「近似」。看见这些词，就能找到「似」。,shì
zh-官,literacy,官,guān,life,L2,法官 非官方,用组词来记：「法官」「非官方」。看见这些词，就能找到「官」。,guān
zh-火,literacy,火,huǒ,nature,L2,火车 大火,用组词来记：「火车」「大火」。看见这些词，就能找到「火」。,huǒ
zh-断,literacy,断,duàn,nature,L2,天门中断 不断,用组词来记：「天门中断」「不断」。看见这些词，就能找到「断」。,duàn
zh-精,literacy,精,jīng,life,L2,高精度 高精尖,用组词来记：「高精度」「高精尖」。看见这些词，就能找到「精」。,jīng
zh-满,literacy,满,mǎn,nature,L2,霜满天 摆满,用组词来记：「霜满天」「摆满」。看见这些词，就能找到「满」。,mǎn
zh-支,literacy,支,zhī,life,L2,超支 党支部,用组词来记：「超支」「党支部」。看见这些词，就能找到「支」。,zhī
zh-视,literacy,视,shì,life,L2,鄙视 仇视,用组词来记：「鄙视」「仇视」。看见这些词，就能找到「视」。,shì
zh-消,literacy,消,xiāo,life,L2,超消费 撤消,用组词来记：「超消费」「撤消」。看见这些词，就能找到「消」。,xiāo
zh-越,literacy,越,yuè,life,L2,超越 穿越,用组词来记：「超越」「穿越」。看见这些词，就能找到「越」。,yuè
zh-器,literacy,器,qì,life,L2,变压器 兵器,用组词来记：「变压器」「兵器」。看见这些词，就能找到「器」。,qì
zh-容,literacy,容,róng,life,L2,包容 不容,用组词来记：「包容」「不容」。看见这些词，就能找到「容」。,róng
zh-照,literacy,照,zhào,nature,L2,日照香炉 树阴照水,用组词来记：「日照香炉」「树阴照水」。看见这些词，就能找到「照」。,zhào
zh-须,literacy,须,xū,life,L2,必须 还须,用组词来记：「必须」「还须」。看见这些词，就能找到「须」。,xū
zh-九,literacy,九,jiǔ,number,L2,九个 九月,用组词来记：「九个」「九月」。看见这些词，就能找到「九」。,jiǔ
zh-增,literacy,增,zēng,life,L2,倍增 大增,用组词来记：「倍增」「大增」。看见这些词，就能找到「增」。,zēng
zh-研,literacy,研,yán,life,L2,调研 教研,用组词来记：「调研」「教研」。看见这些词，就能找到「研」。,yán
zh-写,literacy,写,xiě,action,L2,写字 写画,用组词来记：「写字」「写画」。看见这些词，就能找到「写」。,xiě
zh-称,literacy,称,chēng,life,L2,被称为 不称职,用组词来记：「被称为」「不称职」。看见这些词，就能找到「称」。,chēng
zh-企,literacy,企,qǐ,life,L2,各企业 企盼,用组词来记：「各企业」「企盼」。看见这些词，就能找到「企」。,qǐ
zh-八,literacy,八,bā,number,L2,八个 八月,用组词来记：「八个」「八月」。看见这些词，就能找到「八」。,bā
zh-功,literacy,功,gōng,life,L2,成功 成功率,用组词来记：「成功」「成功率」。看见这些词，就能找到「功」。,gōng
zh-包,literacy,包,bāo,life,L2,书包 面包,用组词来记：「书包」「面包」。看见这些词，就能找到「包」。,bāo
zh-片,literacy,片,piàn,number,L2,一片孤城 孤帆一片,用组词来记：「一片孤城」「孤帆一片」。看见这些词，就能找到「片」。,piàn
zh-史,literacy,史,shǐ,life,L2,创业史 党史,用组词来记：「创业史」「党史」。看见这些词，就能找到「史」。,shǐ
zh-委,literacy,委,wěi,life,L2,奥委会 编委会,用组词来记：「奥委会」「编委会」。看见这些词，就能找到「委」。,wěi
zh-乎,literacy,乎,hū,life,L2,不外乎 不在乎,用组词来记：「不外乎」「不在乎」。看见这些词，就能找到「乎」。,hū
zh-查,literacy,查,chá,life,L2,备查 查办,用组词来记：「备查」「查办」。看见这些词，就能找到「查」。,chá
zh-轻,literacy,轻,qīng,number,L2,轻舟已过 二轻局,用组词来记：「轻舟已过」「二轻局」。看见这些词，就能找到「轻」。,qīng
zh-易,literacy,易,yì,life,L2,不易 简易,用组词来记：「不易」「简易」。看见这些词，就能找到「易」。,yì
zh-早,literacy,早,zǎo,school,L2,早上 早安,用组词来记：「早上」「早安」。看见这些词，就能找到「早」。,zǎo
zh-曾,literacy,曾,céng,life,L2,不曾 曾经,用组词来记：「不曾」「曾经」。看见这些词，就能找到「曾」。,céng
zh-除,literacy,除,chú,number,L2,一岁除 铲除,用组词来记：「一岁除」「铲除」。看见这些词，就能找到「除」。,chú
zh-农,literacy,农,nóng,food,L2,农夫犹饿 菜农,用组词来记：「农夫犹饿」「菜农」。看见这些词，就能找到「农」。,nóng
zh-找,literacy,找,zhǎo,life,L2,查找 寻找,用组词来记：「查找」「寻找」。看见这些词，就能找到「找」。,zhǎo
zh-装,literacy,装,zhuāng,life,L2,安装 包装,用组词来记：「安装」「包装」。看见这些词，就能找到「装」。,zhuāng
zh-广,literacy,广,guǎng,life,L2,广播 广博,用组词来记：「广播」「广博」。看见这些词，就能找到「广」。,guǎng
zh-显,literacy,显,xiǎn,life,L2,明显 浅显,用组词来记：「明显」「浅显」。看见这些词，就能找到「显」。,xiǎn
zh-阿,literacy,阿,ā,family,L2,阿爸 阿霸,用组词来记：「阿爸」「阿霸」。看见这些词，就能找到「阿」。,ā
zh-李,literacy,李,lǐ,color,L2,李白乘舟 桃李,用组词来记：「李白乘舟」「桃李」。看见这些词，就能找到「李」。,lǐ
zh-标,literacy,标,biāo,life,L2,标榜 标本,用组词来记：「标榜」「标本」。看见这些词，就能找到「标」。,biāo
zh-谈,literacy,谈,tán,life,L2,畅谈 长谈,用组词来记：「畅谈」「长谈」。看见这些词，就能找到「谈」。,tán
zh-吃,literacy,吃,chī,action,L2,吃饭 吃菜,用组词来记：「吃饭」「吃菜」。看见这些词，就能找到「吃」。,chī
zh-图,literacy,图,tú,life,L2,画图 版图,用组词来记：「画图」「版图」。看见这些词，就能找到「图」。,tú
zh-念,literacy,念,niàn,life,L2,悼念 概念,用组词来记：「悼念」「概念」。看见这些词，就能找到「念」。,niàn
zh-六,literacy,六,liù,number,L2,六个 六月,用组词来记：「六个」「六月」。看见这些词，就能找到「六」。,liù
zh-引,literacy,引,yǐn,life,L2,牵引 索引,用组词来记：「牵引」「索引」。看见这些词，就能找到「引」。,yǐn
zh-历,literacy,历,lì,life,L2,病历 简历,用组词来记：「病历」「简历」。看见这些词，就能找到「历」。,lì
zh-首,literacy,首,shǒu,life,L2,昂首 榜首,用组词来记：「昂首」「榜首」。看见这些词，就能找到「首」。,shǒu
zh-医,literacy,医,yī,life,L2,就医 军医,用组词来记：「就医」「军医」。看见这些词，就能找到「医」。,yī
zh-局,literacy,局,jú,life,L2,安全局 败局,用组词来记：「安全局」「败局」。看见这些词，就能找到「局」。,jú
zh-突,literacy,突,tū,life,L2,冲突 唐突,用组词来记：「冲突」「唐突」。看见这些词，就能找到「突」。,tū
zh-专,literacy,专,zhuān,nature,L2,土专家 中专,用组词来记：「土专家」「中专」。看见这些词，就能找到「专」。,zhuān
zh-费,literacy,费,fèi,color,L2,安家费 白费,用组词来记：「安家费」「白费」。看见这些词，就能找到「费」。,fèi
zh-号,literacy,号,hào,life,L2,编号 查号台,用组词来记：「编号」「查号台」。看见这些词，就能找到「号」。,hào
zh-尽,literacy,尽,jǐn,life,L2,不尽 不尽然,用组词来记：「不尽」「不尽然」。看见这些词，就能找到「尽」。,jǐn
zh-另,literacy,另,lìng,life,L2,另加 另据,用组词来记：「另加」「另据」。看见这些词，就能找到「另」。,lìng
zh-周,literacy,周,zhōu,life,L2,本周 不周,用组词来记：「本周」「不周」。看见这些词，就能找到「周」。,zhōu
zh-较,literacy,较,jiào,life,L2,比较 较差,用组词来记：「比较」「较差」。看见这些词，就能找到「较」。,jiào
zh-注,literacy,注,zhù,life,L2,备注 关注,用组词来记：「备注」「关注」。看见这些词，就能找到「注」。,zhù
zh-语,literacy,语,yǔ,animal,L2,鸟语花香 按语,用组词来记：「鸟语花香」「按语」。看见这些词，就能找到「语」。,yǔ
zh-仅,literacy,仅,jǐn,life,L2,不仅 不仅仅,用组词来记：「不仅」「不仅仅」。看见这些词，就能找到「仅」。,jǐn
zh-考,literacy,考,kǎo,life,L2,报考 补考,用组词来记：「报考」「补考」。看见这些词，就能找到「考」。,kǎo
zh-落,literacy,落,luò,number,L2,落九天 月落乌啼,用组词来记：「落九天」「月落乌啼」。看见这些词，就能找到「落」。,luò
zh-青,literacy,青,qīng,food,L2,青菜 上青天,用组词来记：「青菜」「上青天」。看见这些词，就能找到「青」。,qīng
zh-随,literacy,随,suí,life,L2,伴随 跟随,用组词来记：「伴随」「跟随」。看见这些词，就能找到「随」。,suí
zh-选,literacy,选,xuǎn,life,L2,补选 初选,用组词来记：「补选」「初选」。看见这些词，就能找到「选」。,xuǎn
zh-列,literacy,列,liè,life,L2,并列 陈列,用组词来记：「并列」「陈列」。看见这些词，就能找到「列」。,liè
zh-武,literacy,武,wǔ,life,L2,比武 核武器,用组词来记：「比武」「核武器」。看见这些词，就能找到「武」。,wǔ
zh-红,literacy,红,hóng,color,L2,红花 红色,用组词来记：「红花」「红色」。看见这些词，就能找到「红」。,hóng
zh-响,literacy,响,xiǎng,life,L2,反响 回响,用组词来记：「反响」「回响」。看见这些词，就能找到「响」。,xiǎng
zh-虽,literacy,虽,suī,action,L2,虽然 虽说,用组词来记：「虽然」「虽说」。看见这些词，就能找到「虽」。,suī
zh-推,literacy,推,tuī,life,L2,类推 首推,用组词来记：「类推」「首推」。看见这些词，就能找到「推」。,tuī
zh-势,literacy,势,shì,nature,L2,趁势 地势,用组词来记：「趁势」「地势」。看见这些词，就能找到「势」。,shì
zh-参,literacy,参,cān,life,L2,参拜 参观,用组词来记：「参拜」「参观」。看见这些词，就能找到「参」。,cān
zh-希,literacy,希,xī,life,L2,希罕 希冀,用组词来记：「希罕」「希冀」。看见这些词，就能找到「希」。,xī
zh-古,literacy,古,gǔ,life,L2,仿古 古城,用组词来记：「仿古」「古城」。看见这些词，就能找到「古」。,gǔ
zh-众,literacy,众,zhòng,life,L2,出众 大众,用组词来记：「出众」「大众」。看见这些词，就能找到「众」。,zhòng
zh-构,literacy,构,gòu,life,L2,钢结构 构成,用组词来记：「钢结构」「构成」。看见这些词，就能找到「构」。,gòu
zh-房,literacy,房,fáng,life,L2,房子 房间,用组词来记：「房子」「房间」。看见这些词，就能找到「房」。,fáng
zh-半,literacy,半,bàn,life,L2,夜半钟声 半辈子,用组词来记：「夜半钟声」「半辈子」。看见这些词，就能找到「半」。,bàn
zh-节,literacy,节,jié,life,L2,每逢佳节 毕节,用组词来记：「每逢佳节」「毕节」。看见这些词，就能找到「节」。,jié
zh-土,literacy,土,tǔ,nature,L2,土地 泥土,用组词来记：「土地」「泥土」。看见这些词，就能找到「土」。,tǔ
zh-投,literacy,投,tóu,life,L2,空投 投案,用组词来记：「空投」「投案」。看见这些词，就能找到「投」。,tóu
zh-某,literacy,某,mǒu,nature,L2,某部 某地,用组词来记：「某部」「某地」。看见这些词，就能找到「某」。,mǒu
zh-案,literacy,案,àn,life,L2,案犯 案件,用组词来记：「案犯」「案件」。看见这些词，就能找到「案」。,àn
zh-黑,literacy,黑,hēi,color,L2,黑夜 黑色,用组词来记：「黑夜」「黑色」。看见这些词，就能找到「黑」。,hēi
zh-维,literacy,维,wéi,life,L2,思维 维持,用组词来记：「思维」「维持」。看见这些词，就能找到「维」。,wéi
zh-革,literacy,革,gé,life,L2,变革 大革命,用组词来记：「变革」「大革命」。看见这些词，就能找到「革」。,gé
zh-划,literacy,划,huà,life,L2,按计划 比划,用组词来记：「按计划」「比划」。看见这些词，就能找到「划」。,huà
zh-敌,literacy,敌,dí,life,L2,敌对 敌军,用组词来记：「敌对」「敌军」。看见这些词，就能找到「敌」。,dí
zh-致,literacy,致,zhì,life,L2,标致 别致,用组词来记：「标致」「别致」。看见这些词，就能找到「致」。,zhì
zh-陈,literacy,陈,chén,life,L2,陈腐 陈规,用组词来记：「陈腐」「陈规」。看见这些词，就能找到「陈」。,chén
zh-律,literacy,律,lǜ,life,L2,定律 法律,用组词来记：「定律」「法律」。看见这些词，就能找到「律」。,lǜ
zh-足,literacy,足,zú,body,L2,足球 手足,用组词来记：「足球」「手足」。看见这些词，就能找到「足」。,zú
zh-态,literacy,态,tài,life,L2,变态 表态,用组词来记：「变态」「表态」。看见这些词，就能找到「态」。,tài
zh-护,literacy,护,hù,life,L2,爱护 保护,用组词来记：「爱护」「保护」。看见这些词，就能找到「护」。,hù
zh-七,literacy,七,qī,number,L2,七个 七月,用组词来记：「七个」「七月」。看见这些词，就能找到「七」。,qī
zh-兴,literacy,兴,xìng,self,L2,高兴 兴趣,用组词来记：「高兴」「兴趣」。看见这些词，就能找到「兴」。,xìng
zh-派,literacy,派,pài,life,L2,帮派 保守派,用组词来记：「帮派」「保守派」。看见这些词，就能找到「派」。,pài
zh-孩,literacy,孩,hái,life,L2,女孩 孩子,用组词来记：「女孩」「孩子」。看见这些词，就能找到「孩」。,hái
zh-验,literacy,验,yàn,life,L2,测验 查验,用组词来记：「测验」「查验」。看见这些词，就能找到「验」。,yàn
zh-责,literacy,责,zé,life,L2,斥责 担责任,用组词来记：「斥责」「担责任」。看见这些词，就能找到「责」。,zé
zh-营,literacy,营,yíng,life,L2,兵营 大本营,用组词来记：「兵营」「大本营」。看见这些词，就能找到「营」。,yíng
zh-星,literacy,星,xīng,nature,L2,星星 星空,用组词来记：「星星」「星空」。看见这些词，就能找到「星」。,xīng
zh-够,literacy,够,gòu,life,L2,不够 能够,用组词来记：「不够」「能够」。看见这些词，就能找到「够」。,gòu
zh-章,literacy,章,zhāng,life,L2,党章 公章,用组词来记：「党章」「公章」。看见这些词，就能找到「章」。,zhāng
zh-音,literacy,音,yīn,life,L2,乡音无改 播音,用组词来记：「乡音无改」「播音」。看见这些词，就能找到「音」。,yīn
zh-跟,literacy,跟,gēn,life,L2,跟班 跟前,用组词来记：「跟班」「跟前」。看见这些词，就能找到「跟」。,gēn
zh-志,literacy,志,zhì,life,L2,标志 斗志,用组词来记：「标志」「斗志」。看见这些词，就能找到「志」。,zhì
zh-底,literacy,底,dǐ,life,L2,彻底 底部,用组词来记：「彻底」「底部」。看见这些词，就能找到「底」。,dǐ
zh-站,literacy,站,zhàn,action,L2,站好 站住,用组词来记：「站好」「站住」。看见这些词，就能找到「站」。,zhàn
zh-严,literacy,严,yán,life,L2,不严 从严,用组词来记：「不严」「从严」。看见这些词，就能找到「严」。,yán
zh-巴,literacy,巴,bā,life,L2,巴不得 巴望,用组词来记：「巴不得」「巴望」。看见这些词，就能找到「巴」。,bā
zh-例,literacy,例,lì,life,L2,按比例 按惯例,用组词来记：「按比例」「按惯例」。看见这些词，就能找到「例」。,lì
zh-防,literacy,防,fáng,life,L2,边防 堤防,用组词来记：「边防」「堤防」。看见这些词，就能找到「防」。,fáng
zh-族,literacy,族,zú,color,L2,白族 部族,用组词来记：「白族」「部族」。看见这些词，就能找到「族」。,zú
zh-供,literacy,供,gōng,nature,L2,产供销 供电,用组词来记：「产供销」「供电」。看见这些词，就能找到「供」。,gōng
zh-效,literacy,效,xiào,life,L2,报效 成效,用组词来记：「报效」「成效」。看见这些词，就能找到「效」。,xiào
zh-续,literacy,续,xù,life,L2,持续 持续性,用组词来记：「持续」「持续性」。看见这些词，就能找到「续」。,xù
zh-施,literacy,施,shī,life,L2,措施 设施,用组词来记：「措施」「设施」。看见这些词，就能找到「施」。,shī
zh-留,literacy,留,liú,life,L2,保留 残留,用组词来记：「保留」「残留」。看见这些词，就能找到「留」。,liú
zh-讲,literacy,讲,jiǎng,life,L2,播讲 不讲,用组词来记：「播讲」「不讲」。看见这些词，就能找到「讲」。,jiǎng
zh-型,literacy,型,xíng,life,L2,超小型 成型,用组词来记：「超小型」「成型」。看见这些词，就能找到「型」。,xíng
zh-料,literacy,料,liào,life,L2,备料 不料,用组词来记：「备料」「不料」。看见这些词，就能找到「料」。,liào
zh-终,literacy,终,zhōng,life,L2,告终 临终,用组词来记：「告终」「临终」。看见这些词，就能找到「终」。,zhōng
zh-答,literacy,答,dá,school,L2,报答 笔答,用组词来记：「报答」「笔答」。看见这些词，就能找到「答」。,dá
zh-紧,literacy,紧,jǐn,food,L2,不要紧 吃紧,用组词来记：「不要紧」「吃紧」。看见这些词，就能找到「紧」。,jǐn
zh-黄,literacy,黄,huáng,color,L2,黄花 黄色,用组词来记：「黄花」「黄色」。看见这些词，就能找到「黄」。,huáng
zh-绝,literacy,绝,jué,life,L2,不绝 断绝,用组词来记：「不绝」「断绝」。看见这些词，就能找到「绝」。,jué
zh-奇,literacy,奇,qí,life,L2,传奇 出奇,用组词来记：「传奇」「出奇」。看见这些词，就能找到「奇」。,qí
zh-察,literacy,察,chá,action,L2,察觉 察看,用组词来记：「察觉」「察看」。看见这些词，就能找到「察」。,chá
zh-母,literacy,母,mǔ,family,L2,母亲 父母,用组词来记：「母亲」「父母」。看见这些词，就能找到「母」。,mǔ
zh-京,literacy,京,jīng,life,L2,北京 北京人,用组词来记：「北京」「北京人」。看见这些词，就能找到「京」。,jīng
zh-段,literacy,段,duàn,nature,L2,波段 地段,用组词来记：「波段」「地段」。看见这些词，就能找到「段」。,duàn
zh-依,literacy,依,yī,color,L2,白日依山 不依,用组词来记：「白日依山」「不依」。看见这些词，就能找到「依」。,yī
zh-批,literacy,批,pī,life,L2,报批 成批,用组词来记：「报批」「成批」。看见这些词，就能找到「批」。,pī
zh-群,literacy,群,qún,life,L2,超群 成群,用组词来记：「超群」「成群」。看见这些词，就能找到「群」。,qún
zh-项,literacy,项,xiàng,nature,L2,曲项向天 此项,用组词来记：「曲项向天」「此项」。看见这些词，就能找到「项」。,xiàng
zh-故,literacy,故,gù,body,L2,低头思故 典故,用组词来记：「低头思故」「典故」。看见这些词，就能找到「故」。,gù
zh-按,literacy,按,àn,life,L2,按比例 按此,用组词来记：「按比例」「按此」。看见这些词，就能找到「按」。,àn
zh-河,literacy,河,hé,nature,L2,小河 河水,用组词来记：「小河」「河水」。看见这些词，就能找到「河」。,hé
zh-米,literacy,米,mǐ,food,L2,米饭 大米,用组词来记：「米饭」「大米」。看见这些词，就能找到「米」。,mǐ
zh-围,literacy,围,wéi,life,L2,包围 范围,用组词来记：「包围」「范围」。看见这些词，就能找到「围」。,wéi
zh-江,literacy,江,jiāng,nature,L2,江水 大江,用组词来记：「江水」「大江」。看见这些词，就能找到「江」。,jiāng
zh-织,literacy,织,zhī,life,L2,编织 党组织,用组词来记：「编织」「党组织」。看见这些词，就能找到「织」。,zhī
zh-害,literacy,害,hài,animal,L2,被害 病虫害,用组词来记：「被害」「病虫害」。看见这些词，就能找到「害」。,hài
zh-斗,literacy,斗,dòu,life,L2,搏斗 斗胆,用组词来记：「搏斗」「斗胆」。看见这些词，就能找到「斗」。,dòu
zh-双,literacy,双,shuāng,life,L2,男双 双胞胎,用组词来记：「男双」「双胞胎」。看见这些词，就能找到「双」。,shuāng
zh-境,literacy,境,jìng,life,L2,边境 处境,用组词来记：「边境」「处境」。看见这些词，就能找到「境」。,jìng
zh-客,literacy,客,kè,life,L2,为异客 到客船,用组词来记：「为异客」「到客船」。看见这些词，就能找到「客」。,kè
zh-纪,literacy,纪,jì,life,L2,本世纪 创纪录,用组词来记：「本世纪」「创纪录」。看见这些词，就能找到「纪」。,jì
zh-采,literacy,采,cǎi,color,L2,偷采白莲 江南可采,用组词来记：「偷采白莲」「江南可采」。看见这些词，就能找到「采」。,cǎi
zh-举,literacy,举,jǔ,body,L2,举头望明 并举,用组词来记：「举头望明」「并举」。看见这些词，就能找到「举」。,jǔ
zh-杀,literacy,杀,shā,life,L2,暗杀 被杀,用组词来记：「暗杀」「被杀」。看见这些词，就能找到「杀」。,shā
zh-攻,literacy,攻,gōng,action,L2,反攻 攻读,用组词来记：「反攻」「攻读」。看见这些词，就能找到「攻」。,gōng
zh-父,literacy,父,fù,family,L2,父亲 父母,用组词来记：「父亲」「父母」。看见这些词，就能找到「父」。,fù
zh-苏,literacy,苏,sū,life,L2,入屠苏 姑苏城外,用组词来记：「入屠苏」「姑苏城外」。看见这些词，就能找到「苏」。,sū
zh-密,literacy,密,mì,life,L2,临行密密 保密,用组词来记：「临行密密」「保密」。看见这些词，就能找到「密」。,mì
zh-低,literacy,低,dī,body,L2,低头思故 风吹草低,用组词来记：「低头思故」「风吹草低」。看见这些词，就能找到「低」。,dī
zh-朝,literacy,朝,cháo,color,L2,朝辞白帝 朝鲜,用组词来记：「朝辞白帝」「朝鲜」。看见这些词，就能找到「朝」。,cháo
zh-友,literacy,友,yǒu,family,L2,朋友 好友,用组词来记：「朋友」「好友」。看见这些词，就能找到「友」。,yǒu
zh-诉,literacy,诉,sù,life,L2,撤诉 告诉,用组词来记：「撤诉」「告诉」。看见这些词，就能找到「诉」。,sù
zh-止,literacy,止,zhǐ,life,L2,不止 防止,用组词来记：「不止」「防止」。看见这些词，就能找到「止」。,zhǐ
zh-细,literacy,细,xì,life,L2,惜细流 底细,用组词来记：「惜细流」「底细」。看见这些词，就能找到「细」。,xì
zh-愿,literacy,愿,yuàn,life,L2,不愿 甘愿,用组词来记：「不愿」「甘愿」。看见这些词，就能找到「愿」。,yuàn
zh-千,literacy,千,qiān,number,L2,一千 千万,用组词来记：「一千」「千万」。看见这些词，就能找到「千」。,qiān
zh-值,literacy,值,zhí,life,L2,保值 贬值,用组词来记：「保值」「贬值」。看见这些词，就能找到「值」。,zhí
zh-仍,literacy,仍,réng,life,L2,仍不 仍旧,用组词来记：「仍不」「仍旧」。看见这些词，就能找到「仍」。,réng
zh-男,literacy,男,nán,life,L2,男单 男儿,用组词来记：「男单」「男儿」。看见这些词，就能找到「男」。,nán
zh-钱,literacy,钱,qián,life,L2,本钱 付钱,用组词来记：「本钱」「付钱」。看见这些词，就能找到「钱」。,qián
zh-破,literacy,破,pò,life,L2,冲破 打破,用组词来记：「冲破」「打破」。看见这些词，就能找到「破」。,pò
zh-网,literacy,网,wǎng,nature,L2,保护网 电话网,用组词来记：「保护网」「电话网」。看见这些词，就能找到「网」。,wǎng
zh-热,literacy,热,rè,nature,L3,热水 热天,用组词来记：「热水」「热天」。看见这些词，就能找到「热」。,rè
zh-助,literacy,助,zhù,life,L3,帮助 补助,用组词来记：「帮助」「补助」。看见这些词，就能找到「助」。,zhù
zh-倒,literacy,倒,dào,life,L3,打倒 倒闭,用组词来记：「打倒」「倒闭」。看见这些词，就能找到「倒」。,dào
zh-育,literacy,育,yù,life,L3,保育 保育员,用组词来记：「保育」「保育员」。看见这些词，就能找到「育」。,yù
zh-属,literacy,属,shǔ,life,L3,部属 不属于,用组词来记：「部属」「不属于」。看见这些词，就能找到「属」。,shǔ
zh-坐,literacy,坐,zuò,action,L3,坐下 坐车,用组词来记：「坐下」「坐车」。看见这些词，就能找到「坐」。,zuò
zh-帝,literacy,帝,dì,color,L3,朝辞白帝 皇帝,用组词来记：「朝辞白帝」「皇帝」。看见这些词，就能找到「帝」。,dì
zh-限,literacy,限,xiàn,life,L3,界限 仅限,用组词来记：「界限」「仅限」。看见这些词，就能找到「限」。,xiàn
zh-船,literacy,船,chuán,life,L3,小船 轮船,用组词来记：「小船」「轮船」。看见这些词，就能找到「船」。,chuán
zh-脸,literacy,脸,liǎn,body,L3,洗脸 笑脸,用组词来记：「洗脸」「笑脸」。看见这些词，就能找到「脸」。,liǎn
zh-职,literacy,职,zhí,life,L3,本职 贬职,用组词来记：「本职」「贬职」。看见这些词，就能找到「职」。,zhí
zh-速,literacy,速,sù,life,L3,超速 车速,用组词来记：「超速」「车速」。看见这些词，就能找到「速」。,sù
zh-刻,literacy,刻,kè,life,L3,此刻 雕刻,用组词来记：「此刻」「雕刻」。看见这些词，就能找到「刻」。,kè
zh-乐,literacy,乐,lè,action,L3,快乐 乐乐,用组词来记：「快乐」「乐乐」。看见这些词，就能找到「乐」。,lè
zh-否,literacy,否,fǒu,life,L3,否定 否决,用组词来记：「否定」「否决」。看见这些词，就能找到「否」。,fǒu
zh-刚,literacy,刚,gāng,life,L3,刚刚 刚好,用组词来记：「刚刚」「刚好」。看见这些词，就能找到「刚」。,gāng
zh-威,literacy,威,wēi,life,L3,军威 权威,用组词来记：「军威」「权威」。看见这些词，就能找到「威」。,wēi
zh-毛,literacy,毛,máo,school,L3,毛笔 毛衣,用组词来记：「毛笔」「毛衣」。看见这些词，就能找到「毛」。,máo
zh-状,literacy,状,zhuàng,life,L3,病状 带状,用组词来记：「病状」「带状」。看见这些词，就能找到「状」。,zhuàng
zh-率,literacy,率,lǜ,life,L3,百分率 表率,用组词来记：「百分率」「表率」。看见这些词，就能找到「率」。,lǜ
zh-甚,literacy,甚,shén,life,L3,甚高 甚广,用组词来记：「甚高」「甚广」。看见这些词，就能找到「甚」。,shén
zh-独,literacy,独,dú,life,L3,凌寒独自 独在异乡,用组词来记：「凌寒独自」「独在异乡」。看见这些词，就能找到「独」。,dú
zh-球,literacy,球,qiú,life,L3,皮球 打球,用组词来记：「皮球」「打球」。看见这些词，就能找到「球」。,qiú
zh-般,literacy,般,bān,family,L3,百般 兄弟般,用组词来记：「百般」「兄弟般」。看见这些词，就能找到「般」。,bān
zh-普,literacy,普,pǔ,life,L3,吉普车 科普,用组词来记：「吉普车」「科普」。看见这些词，就能找到「普」。,pǔ
zh-怕,literacy,怕,pà,animal,L3,怕得鱼惊 不怕,用组词来记：「怕得鱼惊」「不怕」。看见这些词，就能找到「怕」。,pà
zh-弹,literacy,弹,dàn,body,L3,弹头 弹药,用组词来记：「弹头」「弹药」。看见这些词，就能找到「弹」。,dàn
zh-校,literacy,校,xiào,school,L3,学校 校园,用组词来记：「学校」「校园」。看见这些词，就能找到「校」。,xiào
zh-苦,literacy,苦,kǔ,food,L3,吃苦 愁苦,用组词来记：「吃苦」「愁苦」。看见这些词，就能找到「苦」。,kǔ
zh-创,literacy,创,chuàng,life,L3,创办 创办人,用组词来记：「创办」「创办人」。看见这些词，就能找到「创」。,chuàng
zh-假,literacy,假,jiǎ,life,L3,搀假 产假,用组词来记：「搀假」「产假」。看见这些词，就能找到「假」。,jiǎ
zh-久,literacy,久,jiǔ,life,L3,不久 不久前,用组词来记：「不久」「不久前」。看见这些词，就能找到「久」。,jiǔ
zh-错,literacy,错,cuò,life,L3,不错 差错,用组词来记：「不错」「差错」。看见这些词，就能找到「错」。,cuò
zh-承,literacy,承,chéng,life,L3,秉承 承办,用组词来记：「秉承」「承办」。看见这些词，就能找到「承」。,chéng
zh-印,literacy,印,yìn,body,L3,脚印 编印,用组词来记：「脚印」「编印」。看见这些词，就能找到「印」。,yìn
zh-晚,literacy,晚,wǎn,life,L3,晚上 晚饭,用组词来记：「晚上」「晚饭」。看见这些词，就能找到「晚」。,wǎn
zh-兰,literacy,兰,lán,life,L3,兰花 兰州,用组词来记：「兰花」「兰州」。看见这些词，就能找到「兰」。,lán
zh-试,literacy,试,shì,school,L3,笔试 比试,用组词来记：「笔试」「比试」。看见这些词，就能找到「试」。,shì
zh-股,literacy,股,gǔ,life,L3,股本 股东,用组词来记：「股本」「股东」。看见这些词，就能找到「股」。,gǔ
zh-拿,literacy,拿,ná,life,L3,加拿大 缉拿,用组词来记：「加拿大」「缉拿」。看见这些词，就能找到「拿」。,ná
zh-脑,literacy,脑,nǎo,nature,L3,大脑 电脑,用组词来记：「大脑」「电脑」。看见这些词，就能找到「脑」。,nǎo
zh-预,literacy,预,yù,life,L3,参预 干预,用组词来记：「参预」「干预」。看见这些词，就能找到「预」。,yù
zh-谁,literacy,谁,shuí,nature,L3,天下谁人 谁知盘中,用组词来记：「天下谁人」「谁知盘中」。看见这些词，就能找到「谁」。,shuí
zh-益,literacy,益,yì,life,L3,补益 得益,用组词来记：「补益」「得益」。看见这些词，就能找到「益」。,yì
zh-阳,literacy,阳,yáng,life,L3,阳光 德阳,用组词来记：「阳光」「德阳」。看见这些词，就能找到「阳」。,yáng
zh-若,literacy,若,ruò,life,L3,假若 若非,用组词来记：「假若」「若非」。看见这些词，就能找到「若」。,ruò
zh-哪,literacy,哪,nǎ,life,L3,哪儿 哪个,用组词来记：「哪儿」「哪个」。看见这些词，就能找到「哪」。,nǎ
zh-微,literacy,微,wēi,life,L3,略微 轻微,用组词来记：「略微」「轻微」。看见这些词，就能找到「微」。,wēi
zh-继,literacy,继,jì,life,L3,继承 继承法,用组词来记：「继承」「继承法」。看见这些词，就能找到「继」。,jì
zh-送,literacy,送,sòng,nature,L3,送我情 春风送暖,用组词来记：「送我情」「春风送暖」。看见这些词，就能找到「送」。,sòng
zh-急,literacy,急,jí,life,L3,不急于 告急,用组词来记：「不急于」「告急」。看见这些词，就能找到「急」。,jí
zh-血,literacy,血,xuè,life,L3,补血 出血,用组词来记：「补血」「出血」。看见这些词，就能找到「血」。,xuè
zh-惊,literacy,惊,jīng,animal,L3,怕得鱼惊 吃惊,用组词来记：「怕得鱼惊」「吃惊」。看见这些词，就能找到「惊」。,jīng
zh-伤,literacy,伤,shāng,life,L3,哀伤 悲伤,用组词来记：「哀伤」「悲伤」。看见这些词，就能找到「伤」。,shāng
zh-素,literacy,素,sù,life,L3,毒素 抗菌素,用组词来记：「毒素」「抗菌素」。看见这些词，就能找到「素」。,sù
zh-药,literacy,药,yào,life,L3,言师采药 避孕药,用组词来记：「言师采药」「避孕药」。看见这些词，就能找到「药」。,yào
zh-适,literacy,适,shì,life,L3,不适 不适应,用组词来记：「不适」「不适应」。看见这些词，就能找到「适」。,shì
zh-波,literacy,波,bō,life,L3,胞波 奔波,用组词来记：「胞波」「奔波」。看见这些词，就能找到「波」。,bō
zh-夜,literacy,夜,yè,nature,L3,夜晚 黑夜,用组词来记：「夜晚」「黑夜」。看见这些词，就能找到「夜」。,yè
zh-省,literacy,省,shěng,life,L3,安徽省 本省,用组词来记：「安徽省」「本省」。看见这些词，就能找到「省」。,shěng
zh-初,literacy,初,chū,life,L3,初步 初创,用组词来记：「初步」「初创」。看见这些词，就能找到「初」。,chū
zh-喜,literacy,喜,xǐ,life,L3,报喜 大喜事,用组词来记：「报喜」「大喜事」。看见这些词，就能找到「喜」。,xǐ
zh-卫,literacy,卫,wèi,life,L3,保卫 保卫科,用组词来记：「保卫」「保卫科」。看见这些词，就能找到「卫」。,wèi
zh-源,literacy,源,yuán,nature,L3,财源 策源地,用组词来记：「财源」「策源地」。看见这些词，就能找到「源」。,yuán
zh-食,literacy,食,shí,life,L3,捕食 蚕食,用组词来记：「捕食」「蚕食」。看见这些词，就能找到「食」。,shí
zh-险,literacy,险,xiǎn,life,L3,保险 保险费,用组词来记：「保险」「保险费」。看见这些词，就能找到「险」。,xiǎn
zh-待,literacy,待,dài,life,L3,待查 待命,用组词来记：「待查」「待命」。看见这些词，就能找到「待」。,dài
zh-述,literacy,述,shù,life,L3,阐述 陈述,用组词来记：「阐述」「陈述」。看见这些词，就能找到「述」。,shù
zh-陆,literacy,陆,lù,life,L3,大陆 登陆,用组词来记：「大陆」「登陆」。看见这些词，就能找到「陆」。,lù
zh-习,literacy,习,xí,school,L3,学习 爱学习,用组词来记：「学习」「爱学习」。看见这些词，就能找到「习」。,xí
zh-置,literacy,置,zhì,life,L3,安置 布置,用组词来记：「安置」「布置」。看见这些词，就能找到「置」。,zhì
zh-居,literacy,居,jū,life,L3,安居 定居,用组词来记：「安居」「定居」。看见这些词，就能找到「居」。,jū
zh-劳,literacy,劳,láo,life,L3,爱劳动 操劳,用组词来记：「爱劳动」「操劳」。看见这些词，就能找到「劳」。,láo
zh-财,literacy,财,cái,life,L3,财产 财产权,用组词来记：「财产」「财产权」。看见这些词，就能找到「财」。,cái
zh-环,literacy,环,huán,life,L3,大循环 环抱,用组词来记：「大循环」「环抱」。看见这些词，就能找到「环」。,huán
zh-排,literacy,排,pái,life,L3,安排 编排,用组词来记：「安排」「编排」。看见这些词，就能找到「排」。,pái
zh-福,literacy,福,fú,life,L3,福建 福建省,用组词来记：「福建」「福建省」。看见这些词，就能找到「福」。,fú
zh-纳,literacy,纳,nà,life,L3,采纳 出纳,用组词来记：「采纳」「出纳」。看见这些词，就能找到「纳」。,nà
zh-欢,literacy,欢,huān,life,L3,欢唱 欢畅,用组词来记：「欢唱」「欢畅」。看见这些词，就能找到「欢」。,huān
zh-雷,literacy,雷,léi,nature,L3,春雷 地雷,用组词来记：「春雷」「地雷」。看见这些词，就能找到「雷」。,léi
zh-警,literacy,警,jǐng,life,L3,报警 干警,用组词来记：「报警」「干警」。看见这些词，就能找到「警」。,jǐng
zh-获,literacy,获,huò,life,L3,捕获 捕获量,用组词来记：「捕获」「捕获量」。看见这些词，就能找到「获」。,huò
zh-模,literacy,模,mó,life,L3,大规模 规模,用组词来记：「大规模」「规模」。看见这些词，就能找到「模」。,mó
zh-充,literacy,充,chōng,life,L3,补充 充斥,用组词来记：「补充」「充斥」。看见这些词，就能找到「充」。,chōng
zh-负,literacy,负,fù,life,L3,抱负 背负,用组词来记：「抱负」「背负」。看见这些词，就能找到「负」。,fù
zh-云,literacy,云,yún,nature,L3,白云 云朵,用组词来记：「白云」「云朵」。看见这些词，就能找到「云」。,yún
zh-停,literacy,停,tíng,life,L3,停车坐爱 停办,用组词来记：「停车坐爱」「停办」。看见这些词，就能找到「停」。,tíng
zh-木,literacy,木,mù,nature,L3,树木 木头,用组词来记：「树木」「木头」。看见这些词，就能找到「木」。,mù
zh-龙,literacy,龙,lóng,nature,L3,小龙 恐龙,用组词来记：「小龙」「恐龙」。看见这些词，就能找到「龙」。,lóng
zh-树,literacy,树,shù,nature,L3,大树 树木,用组词来记：「大树」「树木」。看见这些词，就能找到「树」。,shù
zh-疑,literacy,疑,yí,nature,L3,又疑瑶台 疑是地上,用组词来记：「又疑瑶台」「疑是地上」。看见这些词，就能找到「疑」。,yí
zh-层,literacy,层,céng,number,L3,更上一层 保护层,用组词来记：「更上一层」「保护层」。看见这些词，就能找到「层」。,céng
zh-冷,literacy,冷,lěng,nature,L3,冷水 很冷,用组词来记：「冷水」「很冷」。看见这些词，就能找到「冷」。,lěng
zh-洲,literacy,洲,zhōu,life,L3,大洋洲 大洲,用组词来记：「大洋洲」「大洲」。看见这些词，就能找到「洲」。,zhōu
zh-冲,literacy,冲,chōng,life,L3,冲出 冲刺,用组词来记：「冲出」「冲刺」。看见这些词，就能找到「冲」。,chōng
zh-射,literacy,射,shè,life,L3,放射 反射,用组词来记：「放射」「反射」。看见这些词，就能找到「射」。,shè
zh-略,literacy,略,lüè,life,L3,策略 策略性,用组词来记：「策略」「策略性」。看见这些词，就能找到「略」。,lüè
zh-范,literacy,范,fàn,life,L3,典范 范畴,用组词来记：「典范」「范畴」。看见这些词，就能找到「范」。,fàn
zh-竟,literacy,竟,jìng,life,L3,毕竟 竟敢,用组词来记：「毕竟」「竟敢」。看见这些词，就能找到「竟」。,jìng
zh-句,literacy,句,jù,number,L3,一句话 这句话,用组词来记：「一句话」「这句话」。看见这些词，就能找到「句」。,jù
zh-室,literacy,室,shì,life,L3,办公室 传达室,用组词来记：「办公室」「传达室」。看见这些词，就能找到「室」。,shì
zh-异,literacy,异,yì,life,L3,为异客 独在异乡,用组词来记：「为异客」「独在异乡」。看见这些词，就能找到「异」。,yì
zh-激,literacy,激,jī,life,L3,刺激 刺激性,用组词来记：「刺激」「刺激性」。看见这些词，就能找到「激」。,jī
zh-汉,literacy,汉,hàn,life,L3,汉时关 汉语,用组词来记：「汉时关」「汉语」。看见这些词，就能找到「汉」。,hàn
zh-村,literacy,村,cūn,number,L3,烟村四五 村干部,用组词来记：「烟村四五」「村干部」。看见这些词，就能找到「村」。,cūn
zh-哈,literacy,哈,hā,life,L3,打哈哈 哈达,用组词来记：「打哈哈」「哈达」。看见这些词，就能找到「哈」。,hā
zh-策,literacy,策,cè,life,L3,鞭策 策动,用组词来记：「鞭策」「策动」。看见这些词，就能找到「策」。,cè
zh-演,literacy,演,yǎn,life,L3,扮演 表演,用组词来记：「扮演」「表演」。看见这些词，就能找到「演」。,yǎn
zh-简,literacy,简,jiǎn,life,L3,不简单 从简,用组词来记：「不简单」「从简」。看见这些词，就能找到「简」。,jiǎn
zh-卡,literacy,卡,kǎ,body,L3,发卡 卡车,用组词来记：「发卡」「卡车」。看见这些词，就能找到「卡」。,kǎ
zh-罪,literacy,罪,zuì,life,L3,得罪人 定罪,用组词来记：「得罪人」「定罪」。看见这些词，就能找到「罪」。,zuì
zh-判,literacy,判,pàn,life,L3,裁判 裁判员,用组词来记：「裁判」「裁判员」。看见这些词，就能找到「判」。,pàn
zh-担,literacy,担,dān,life,L3,承担 担保,用组词来记：「承担」「担保」。看见这些词，就能找到「担」。,dān
zh-州,literacy,州,zhōu,life,L3,沧州 常州,用组词来记：「沧州」「常州」。看见这些词，就能找到「州」。,zhōu
zh-静,literacy,静,jìng,life,L3,安静 动静,用组词来记：「安静」「动静」。看见这些词，就能找到「静」。,jìng
zh-退,literacy,退,tuì,life,L3,包退 撤退,用组词来记：「包退」「撤退」。看见这些词，就能找到「退」。,tuì
zh-既,literacy,既,jì,life,L3,既定 既能,用组词来记：「既定」「既能」。看见这些词，就能找到「既」。,jì
zh-衣,literacy,衣,yī,life,L3,衣服 毛衣,用组词来记：「衣服」「毛衣」。看见这些词，就能找到「衣」。,yī
zh-宗,literacy,宗,zōng,life,L3,大宗 卷宗,用组词来记：「大宗」「卷宗」。看见这些词，就能找到「宗」。,zōng
zh-积,literacy,积,jī,life,L3,沉积 大面积,用组词来记：「沉积」「大面积」。看见这些词，就能找到「积」。,jī
zh-余,literacy,余,yú,life,L3,百余 编余,用组词来记：「百余」「编余」。看见这些词，就能找到「余」。,yú
zh-痛,literacy,痛,tòng,life,L3,悲痛 病痛,用组词来记：「悲痛」「病痛」。看见这些词，就能找到「痛」。,tòng
zh-检,literacy,检,jiǎn,life,L3,抽检 大检查,用组词来记：「抽检」「大检查」。看见这些词，就能找到「检」。,jiǎn
zh-差,literacy,差,chà,life,L3,差别 差不多,用组词来记：「差别」「差不多」。看见这些词，就能找到「差」。,chà
zh-富,literacy,富,fù,life,L3,财富 丰富,用组词来记：「财富」「丰富」。看见这些词，就能找到「富」。,fù
zh-灵,literacy,灵,líng,life,L3,机灵 灵便,用组词来记：「机灵」「灵便」。看见这些词，就能找到「灵」。,líng
zh-协,literacy,协,xié,life,L3,大协作 科协,用组词来记：「大协作」「科协」。看见这些词，就能找到「协」。,xié
zh-角,literacy,角,jiǎo,life,L3,尖尖角 墙角数枝,用组词来记：「尖尖角」「墙角数枝」。看见这些词，就能找到「角」。,jiǎo
zh-占,literacy,占,zhàn,life,L3,霸占 独占,用组词来记：「霸占」「独占」。看见这些词，就能找到「占」。,zhàn
zh-配,literacy,配,pèi,life,L3,不配 搭配,用组词来记：「不配」「搭配」。看见这些词，就能找到「配」。,pèi
zh-征,literacy,征,zhēng,life,L3,万里长征 长征,用组词来记：「万里长征」「长征」。看见这些词，就能找到「征」。,zhēng
zh-修,literacy,修,xiū,life,L3,保修 包修,用组词来记：「保修」「包修」。看见这些词，就能找到「修」。,xiū
zh-皮,literacy,皮,pí,life,L3,皮球 表皮,用组词来记：「皮球」「表皮」。看见这些词，就能找到「皮」。,pí
zh-挥,literacy,挥,huī,body,L3,发挥 挥动,用组词来记：「发挥」「挥动」。看见这些词，就能找到「挥」。,huī
zh-胜,literacy,胜,shèng,life,L3,必胜 不胜,用组词来记：「必胜」「不胜」。看见这些词，就能找到「胜」。,shèng
zh-降,literacy,降,jiàng,life,L3,沉降 降到,用组词来记：「沉降」「降到」。看见这些词，就能找到「降」。,jiàng
zh-阶,literacy,阶,jiē,life,L3,超阶级 分阶段,用组词来记：「超阶级」「分阶段」。看见这些词，就能找到「阶」。,jiē
zh-审,literacy,审,shěn,life,L3,报审 初审,用组词来记：「报审」「初审」。看见这些词，就能找到「审」。,shěn
zh-沉,literacy,沉,chén,life,L3,沉淀 沉甸甸,用组词来记：「沉淀」「沉甸甸」。看见这些词，就能找到「沉」。,chén
zh-坚,literacy,坚,jiān,life,L3,坚持 坚定,用组词来记：「坚持」「坚定」。看见这些词，就能找到「坚」。,jiān
zh-善,literacy,善,shàn,life,L3,不善 慈善,用组词来记：「不善」「慈善」。看见这些词，就能找到「善」。,shàn
zh-妈,literacy,妈,mā,family,L3,妈妈 爸妈,用组词来记：「妈妈」「爸妈」。看见这些词，就能找到「妈」。,mā
zh-读,literacy,读,dú,action,L3,读书 朗读,用组词来记：「读书」「朗读」。看见这些词，就能找到「读」。,dú
zh-超,literacy,超,chāo,life,L3,超标准 超产,用组词来记：「超标准」「超产」。看见这些词，就能找到「超」。,chāo
zh-免,literacy,免,miǎn,life,L3,罢免 避免,用组词来记：「罢免」「避免」。看见这些词，就能找到「免」。,miǎn
zh-压,literacy,压,yā,life,L3,变压器 超高压,用组词来记：「变压器」「超高压」。看见这些词，就能找到「压」。,yā
zh-银,literacy,银,yín,color,L3,疑是银河 白银,用组词来记：「疑是银河」「白银」。看见这些词，就能找到「银」。,yín
zh-买,literacy,买,mǎi,action,L3,买菜 买米,用组词来记：「买菜」「买米」。看见这些词，就能找到「买」。,mǎi
zh-皇,literacy,皇,huáng,life,L3,皇帝 皇宫,用组词来记：「皇帝」「皇宫」。看见这些词，就能找到「皇」。,huáng
zh-养,literacy,养,yǎng,life,L3,保养 哺养,用组词来记：「保养」「哺养」。看见这些词，就能找到「养」。,yǎng
zh-怀,literacy,怀,huái,life,L3,关怀 怀抱,用组词来记：「关怀」「怀抱」。看见这些词，就能找到「怀」。,huái
zh-执,literacy,执,zhí,life,L3,固执 回执,用组词来记：「固执」「回执」。看见这些词，就能找到「执」。,zhí
zh-副,literacy,副,fù,life,L3,副本 副部长,用组词来记：「副本」「副部长」。看见这些词，就能找到「副」。,fù
zh-乱,literacy,乱,luàn,life,L3,暴乱 出乱子,用组词来记：「暴乱」「出乱子」。看见这些词，就能找到「乱」。,luàn
zh-抗,literacy,抗,kàng,life,L3,抵抗 对抗,用组词来记：「抵抗」「对抗」。看见这些词，就能找到「抗」。,kàng
zh-犯,literacy,犯,fàn,life,L3,案犯 触犯,用组词来记：「案犯」「触犯」。看见这些词，就能找到「犯」。,fàn
zh-追,literacy,追,zhuī,life,L3,追捕 追查,用组词来记：「追捕」「追查」。看见这些词，就能找到「追」。,zhuī
zh-帮,literacy,帮,bāng,life,L3,帮工 帮忙,用组词来记：「帮工」「帮忙」。看见这些词，就能找到「帮」。,bāng
zh-宣,literacy,宣,xuān,life,L3,宣布 宣称,用组词来记：「宣布」「宣称」。看见这些词，就能找到「宣」。,xuān
zh-佛,literacy,佛,fú,life,L3,仿佛 佛法,用组词来记：「仿佛」「佛法」。看见这些词，就能找到「佛」。,fú
zh-岁,literacy,岁,suì,life,L3,一岁 几岁,用组词来记：「一岁」「几岁」。看见这些词，就能找到「岁」。,suì
zh-航,literacy,航,háng,life,L3,导航 返航,用组词来记：「导航」「返航」。看见这些词，就能找到「航」。,háng
zh-优,literacy,优,yōu,life,L3,部优 创优,用组词来记：「部优」「创优」。看见这些词，就能找到「优」。,yōu
zh-怪,literacy,怪,guài,life,L3,怪不得 怪话,用组词来记：「怪不得」「怪话」。看见这些词，就能找到「怪」。,guài
zh-香,literacy,香,xiāng,nature,L3,为有暗香 日照香炉,用组词来记：「为有暗香」「日照香炉」。看见这些词，就能找到「香」。,xiāng
zh-著,literacy,著,zhe,life,L3,编著 合著,用组词来记：「编著」「合著」。看见这些词，就能找到「著」。,zhe
zh-田,literacy,田,tián,nature,L3,水田 田地,用组词来记：「水田」「田地」。看见这些词，就能找到「田」。,tián
zh-铁,literacy,铁,tiě,nature,L3,磁铁 地铁,用组词来记：「磁铁」「地铁」。看见这些词，就能找到「铁」。,tiě
zh-控,literacy,控,kòng,life,L3,被控 测控,用组词来记：「被控」「测控」。看见这些词，就能找到「控」。,kòng
zh-税,literacy,税,shuì,life,L3,保税区 补税,用组词来记：「保税区」「补税」。看见这些词，就能找到「税」。,shuì
zh-左,literacy,左,zuǒ,life,L3,左手 左边,用组词来记：「左手」「左边」。看见这些词，就能找到「左」。,zuǒ
zh-右,literacy,右,yòu,life,L3,右手 右边,用组词来记：「右手」「右边」。看见这些词，就能找到「右」。,yòu
zh-份,literacy,份,fèn,number,L3,八月份 备份,用组词来记：「八月份」「备份」。看见这些词，就能找到「份」。,fèn
zh-穿,literacy,穿,chuān,life,L3,拆穿 穿过,用组词来记：「拆穿」「穿过」。看见这些词，就能找到「穿」。,chuān
zh-艺,literacy,艺,yì,life,L3,传艺 工艺,用组词来记：「传艺」「工艺」。看见这些词，就能找到「艺」。,yì
zh-背,literacy,背,bèi,life,L3,背后 背包,用组词来记：「背后」「背包」。看见这些词，就能找到「背」。,bèi
zh-阵,literacy,阵,zhèn,body,L3,败阵 打头阵,用组词来记：「败阵」「打头阵」。看见这些词，就能找到「阵」。,zhèn
zh-草,literacy,草,cǎo,nature,L3,小草 草地,用组词来记：「小草」「草地」。看见这些词，就能找到「草」。,cǎo
zh-脚,literacy,脚,jiǎo,body,L3,小脚 脚印,用组词来记：「小脚」「脚印」。看见这些词，就能找到「脚」。,jiǎo
zh-概,literacy,概,gài,life,L3,大概 概况,用组词来记：「大概」「概况」。看见这些词，就能找到「概」。,gài
zh-恶,literacy,恶,è,life,L3,丑恶 恶毒,用组词来记：「丑恶」「恶毒」。看见这些词，就能找到「恶」。,è
zh-块,literacy,块,kuài,nature,L3,成块 地块,用组词来记：「成块」「地块」。看见这些词，就能找到「块」。,kuài
zh-顿,literacy,顿,dùn,life,L3,安顿 顿感,用组词来记：「安顿」「顿感」。看见这些词，就能找到「顿」。,dùn
zh-敢,literacy,敢,gǎn,life,L3,不敢 不敢当,用组词来记：「不敢」「不敢当」。看见这些词，就能找到「敢」。,gǎn
zh-守,literacy,守,shǒu,life,L3,保守 保守派,用组词来记：「保守」「保守派」。看见这些词，就能找到「守」。,shǒu
zh-酒,literacy,酒,jiǔ,life,L3,酒厂 酒后,用组词来记：「酒厂」「酒后」。看见这些词，就能找到「酒」。,jiǔ
zh-岛,literacy,岛,dǎo,life,L3,半岛 宝岛,用组词来记：「半岛」「宝岛」。看见这些词，就能找到「岛」。,dǎo
zh-托,literacy,托,tuō,life,L3,拜托 衬托,用组词来记：「拜托」「衬托」。看见这些词，就能找到「托」。,tuō
zh-央,literacy,央,yāng,life,L3,党中央 团中央,用组词来记：「党中央」「团中央」。看见这些词，就能找到「央」。,yāng
zh-户,literacy,户,hù,life,L3,窗户 住户,用组词来记：「窗户」「住户」。看见这些词，就能找到「户」。,hù
zh-烈,literacy,烈,liè,life,L3,炽烈 刚烈,用组词来记：「炽烈」「刚烈」。看见这些词，就能找到「烈」。,liè
zh-洋,literacy,洋,yáng,life,L3,大西洋 大洋,用组词来记：「大西洋」「大洋」。看见这些词，就能找到「洋」。,yáng
zh-哥,literacy,哥,gē,family,L3,哥哥 大哥,用组词来记：「哥哥」「大哥」。看见这些词，就能找到「哥」。,gē
zh-索,literacy,索,suǒ,nature,L3,导火索 检索,用组词来记：「导火索」「检索」。看见这些词，就能找到「索」。,suǒ
zh-胡,literacy,胡,hú,animal,L3,不教胡马 胡闹,用组词来记：「不教胡马」「胡闹」。看见这些词，就能找到「胡」。,hú
zh-款,literacy,款,kuǎn,life,L3,拨款 筹款,用组词来记：「拨款」「筹款」。看见这些词，就能找到「款」。,kuǎn
zh-靠,literacy,靠,kào,life,L3,不靠 挂靠,用组词来记：「不靠」「挂靠」。看见这些词，就能找到「靠」。,kào
zh-评,literacy,评,píng,life,L3,被评为 测评,用组词来记：「被评为」「测评」。看见这些词，就能找到「评」。,píng
zh-版,literacy,版,bǎn,life,L3,版本 版画,用组词来记：「版本」「版画」。看见这些词，就能找到「版」。,bǎn
zh-宝,literacy,宝,bǎo,life,L3,宝宝 宝贝,用组词来记：「宝宝」「宝贝」。看见这些词，就能找到「宝」。,bǎo
zh-座,literacy,座,zuò,life,L3,宝座 插座,用组词来记：「宝座」「插座」。看见这些词，就能找到「座」。,zuò
zh-释,literacy,释,shì,life,L3,获释 解释,用组词来记：「获释」「解释」。看见这些词，就能找到「释」。,shì
zh-景,literacy,景,jǐng,life,L3,背景 不景气,用组词来记：「背景」「不景气」。看见这些词，就能找到「景」。,jǐng
zh-顾,literacy,顾,gù,life,L3,不顾 光顾,用组词来记：「不顾」「光顾」。看见这些词，就能找到「顾」。,gù
zh-弟,literacy,弟,dì,family,L3,弟弟 小弟,用组词来记：「弟弟」「小弟」。看见这些词，就能找到「弟」。,dì
zh-登,literacy,登,dēng,life,L3,登高处 登报,用组词来记：「登高处」「登报」。看见这些词，就能找到「登」。,dēng
zh-货,literacy,货,huò,life,L3,百货 畅销货,用组词来记：「百货」「畅销货」。看见这些词，就能找到「货」。,huò
zh-互,literacy,互,hù,life,L3,互爱 互补,用组词来记：「互爱」「互补」。看见这些词，就能找到「互」。,hù
zh-付,literacy,付,fù,life,L3,偿付 垫付,用组词来记：「偿付」「垫付」。看见这些词，就能找到「付」。,fù
zh-慢,literacy,慢,màn,action,L3,慢走 很慢,用组词来记：「慢走」「很慢」。看见这些词，就能找到「慢」。,màn
zh-欧,literacy,欧,ōu,life,L3,北欧 东欧,用组词来记：「北欧」「东欧」。看见这些词，就能找到「欧」。,ōu
zh-换,literacy,换,huàn,life,L3,换旧符 变换,用组词来记：「换旧符」「变换」。看见这些词，就能找到「换」。,huàn
zh-闻,literacy,闻,wén,life,L3,处处闻啼 忽闻岸上,用组词来记：「处处闻啼」「忽闻岸上」。看见这些词，就能找到「闻」。,wén
zh-危,literacy,危,wēi,life,L3,安危 病危,用组词来记：「安危」「病危」。看见这些词，就能找到「危」。,wēi
zh-忙,literacy,忙,máng,life,L3,帮忙 奔忙,用组词来记：「帮忙」「奔忙」。看见这些词，就能找到「忙」。,máng
zh-核,literacy,核,hé,life,L3,查核 复核,用组词来记：「查核」「复核」。看见这些词，就能找到「核」。,hé
zh-暗,literacy,暗,àn,life,L3,为有暗香 暗暗,用组词来记：「为有暗香」「暗暗」。看见这些词，就能找到「暗」。,àn
zh-姐,literacy,姐,jiě,family,L3,姐姐 大姐,用组词来记：「姐姐」「大姐」。看见这些词，就能找到「姐」。,jiě
zh-介,literacy,介,jiè,life,L3,简介 介入,用组词来记：「简介」「介入」。看见这些词，就能找到「介」。,jiè
zh-坏,literacy,坏,huài,life,L3,败坏 变坏,用组词来记：「败坏」「变坏」。看见这些词，就能找到「坏」。,huài
zh-讨,literacy,讨,tǎo,life,L3,检讨 乞讨,用组词来记：「检讨」「乞讨」。看见这些词，就能找到「讨」。,tǎo
zh-丽,literacy,丽,lì,life,L3,富丽 瑰丽,用组词来记：「富丽」「瑰丽」。看见这些词，就能找到「丽」。,lì
zh-良,literacy,良,liáng,life,L3,不良 改良,用组词来记：「不良」「改良」。看见这些词，就能找到「良」。,liáng
zh-序,literacy,序,xù,life,L3,程序 次序,用组词来记：「程序」「次序」。看见这些词，就能找到「序」。,xù
zh-升,literacy,升,shēng,life,L3,公升 毫升,用组词来记：「公升」「毫升」。看见这些词，就能找到「升」。,shēng
zh-监,literacy,监,jiān,life,L3,监测 监察,用组词来记：「监测」「监察」。看见这些词，就能找到「监」。,jiān
zh-临,literacy,临,lín,life,L3,临行密密 濒临,用组词来记：「临行密密」「濒临」。看见这些词，就能找到「临」。,lín
zh-亮,literacy,亮,liàng,nature,L3,月亮 明亮,用组词来记：「月亮」「明亮」。看见这些词，就能找到「亮」。,liàng
zh-露,literacy,露,lù,life,L3,小荷才露 败露,用组词来记：「小荷才露」「败露」。看见这些词，就能找到「露」。,lù
zh-永,literacy,永,yǒng,life,L3,永别 永不,用组词来记：「永别」「永不」。看见这些词，就能找到「永」。,yǒng
zh-呼,literacy,呼,hū,color,L3,呼作白玉 称呼,用组词来记：「呼作白玉」「称呼」。看见这些词，就能找到「呼」。,hū
zh-味,literacy,味,wèi,nature,L3,乏味 风味,用组词来记：「乏味」「风味」。看见这些词，就能找到「味」。,wèi
zh-野,literacy,野,yě,nature,L3,田野 天苍苍野,用组词来记：「田野」「天苍苍野」。看见这些词，就能找到「野」。,yě
zh-架,literacy,架,jià,life,L3,绑架 吵架,用组词来记：「绑架」「吵架」。看见这些词，就能找到「架」。,jià
zh-域,literacy,域,yù,nature,L3,地域 海域,用组词来记：「地域」「海域」。看见这些词，就能找到「域」。,yù
zh-沙,literacy,沙,shā,life,L3,长沙 长沙市,用组词来记：「长沙」「长沙市」。看见这些词，就能找到「沙」。,shā
zh-掉,literacy,掉,diào,food,L3,搬掉 吃掉,用组词来记：「搬掉」「吃掉」。看见这些词，就能找到「掉」。,diào
zh-括,literacy,括,kuò,life,L3,包括 概括,用组词来记：「包括」「概括」。看见这些词，就能找到「括」。,kuò
zh-舰,literacy,舰,jiàn,life,L3,舰队 舰艇,用组词来记：「舰队」「舰艇」。看见这些词，就能找到「舰」。,jiàn
zh-鱼,literacy,鱼,yú,animal,L3,小鱼 金鱼,用组词来记：「小鱼」「金鱼」。看见这些词，就能找到「鱼」。,yú
zh-杂,literacy,杂,zá,life,L3,嘈杂 搀杂,用组词来记：「嘈杂」「搀杂」。看见这些词，就能找到「杂」。,zá
zh-误,literacy,误,wù,school,L3,笔误 迟误,用组词来记：「笔误」「迟误」。看见这些词，就能找到「误」。,wù
zh-湾,literacy,湾,wān,nature,L3,海湾 台湾,用组词来记：「海湾」「台湾」。看见这些词，就能找到「湾」。,wān
zh-吉,literacy,吉,jí,life,L3,昌吉 吉安,用组词来记：「昌吉」「吉安」。看见这些词，就能找到「吉」。,jí
zh-减,literacy,减,jiǎn,life,L3,裁减 递减,用组词来记：「裁减」「递减」。看见这些词，就能找到「减」。,jiǎn
zh-编,literacy,编,biān,life,L3,编成 编导,用组词来记：「编成」「编导」。看见这些词，就能找到「编」。,biān
zh-楚,literacy,楚,chǔ,nature,L3,楚江开 讲清楚,用组词来记：「楚江开」「讲清楚」。看见这些词，就能找到「楚」。,chǔ
zh-肯,literacy,肯,kěn,life,L3,不肯 肯定,用组词来记：「不肯」「肯定」。看见这些词，就能找到「肯」。,kěn
zh-测,literacy,测,cè,life,L3,猜测 测定,用组词来记：「猜测」「测定」。看见这些词，就能找到「测」。,cè
zh-败,literacy,败,bài,life,L3,败北 败给,用组词来记：「败北」「败给」。看见这些词，就能找到「败」。,bài
zh-屋,literacy,屋,wū,life,L3,房屋 屋顶,用组词来记：「房屋」「屋顶」。看见这些词，就能找到「屋」。,wū
zh-跑,literacy,跑,pǎo,action,L3,跑步 快跑,用组词来记：「跑步」「快跑」。看见这些词，就能找到「跑」。,pǎo
zh-梦,literacy,梦,mèng,life,L3,美梦 梦幻,用组词来记：「美梦」「梦幻」。看见这些词，就能找到「梦」。,mèng
zh-散,literacy,散,sàn,life,L3,分散 解散,用组词来记：「分散」「解散」。看见这些词，就能找到「散」。,sàn
zh-温,literacy,温,wēn,life,L3,保温 保温瓶,用组词来记：「保温」「保温瓶」。看见这些词，就能找到「温」。,wēn
zh-困,literacy,困,kùn,life,L3,困惑 困境,用组词来记：「困惑」「困境」。看见这些词，就能找到「困」。,kùn
zh-渐,literacy,渐,jiàn,life,L3,渐变 渐渐,用组词来记：「渐变」「渐渐」。看见这些词，就能找到「渐」。,jiàn
zh-封,literacy,封,fēng,life,L3,查封 封闭,用组词来记：「查封」「封闭」。看见这些词，就能找到「封」。,fēng
zh-救,literacy,救,jiù,life,L3,补救 得救,用组词来记：「补救」「得救」。看见这些词，就能找到「救」。,jiù
zh-贵,literacy,贵,guì,life,L3,昂贵 宝贵,用组词来记：「昂贵」「宝贵」。看见这些词，就能找到「贵」。,guì
zh-枪,literacy,枪,qiāng,life,L3,步枪 冲锋枪,用组词来记：「步枪」「冲锋枪」。看见这些词，就能找到「枪」。,qiāng
zh-缺,literacy,缺,quē,life,L3,补缺 残缺,用组词来记：「补缺」「残缺」。看见这些词，就能找到「缺」。,quē
zh-楼,literacy,楼,lóu,life,L3,高楼 楼房,用组词来记：「高楼」「楼房」。看见这些词，就能找到「楼」。,lóu
zh-县,literacy,县,xiàn,life,L3,本县 副县长,用组词来记：「本县」「副县长」。看见这些词，就能找到「县」。,xiàn
zh-尚,literacy,尚,shàng,nature,L3,崇尚 风尚,用组词来记：「崇尚」「风尚」。看见这些词，就能找到「尚」。,shàng
zh-毫,literacy,毫,háo,food,L3,毫克 毫米,用组词来记：「毫克」「毫米」。看见这些词，就能找到「毫」。,háo
zh-移,literacy,移,yí,life,L3,漂移 迁移,用组词来记：「漂移」「迁移」。看见这些词，就能找到「移」。,yí
zh-娘,literacy,娘,niáng,life,L3,姑娘 小姑娘,用组词来记：「姑娘」「小姑娘」。看见这些词，就能找到「娘」。,niáng
zh-朋,literacy,朋,péng,family,L3,朋友 亲朋,用组词来记：「朋友」「亲朋」。看见这些词，就能找到「朋」。,péng
zh-画,literacy,画,huà,action,L3,画画 画图,用组词来记：「画画」「画图」。看见这些词，就能找到「画」。,huà
zh-班,literacy,班,bān,school,L3,小班 班里,用组词来记：「小班」「班里」。看见这些词，就能找到「班」。,bān
zh-智,literacy,智,zhì,life,L3,才智 德智体,用组词来记：「才智」「德智体」。看见这些词，就能找到「智」。,zhì
zh-亦,literacy,亦,yì,life,L3,亦即 亦佳,用组词来记：「亦即」「亦佳」。看见这些词，就能找到「亦」。,yì
zh-耳,literacy,耳,ěr,body,L3,耳朵 耳听,用组词来记：「耳朵」「耳听」。看见这些词，就能找到「耳」。,ěr
zh-恩,literacy,恩,ēn,life,L3,报恩 恩爱,用组词来记：「报恩」「恩爱」。看见这些词，就能找到「恩」。,ēn
zh-短,literacy,短,duǎn,life,L3,长短 短波,用组词来记：「长短」「短波」。看见这些词，就能找到「短」。,duǎn
zh-掌,literacy,掌,zhǎng,color,L3,红掌拨清 鼓掌,用组词来记：「红掌拨清」「鼓掌」。看见这些词，就能找到「掌」。,zhǎng
zh-恐,literacy,恐,kǒng,animal,L3,恐龙 意恐迟迟,用组词来记：「恐龙」「意恐迟迟」。看见这些词，就能找到「恐」。,kǒng
zh-遗,literacy,遗,yí,life,L3,补遗 后遗症,用组词来记：「补遗」「后遗症」。看见这些词，就能找到「遗」。,yí
zh-固,literacy,固,gù,life,L3,巩固 固定,用组词来记：「巩固」「固定」。看见这些词，就能找到「固」。,gù
zh-席,literacy,席,xí,life,L3,出席 出席人,用组词来记：「出席」「出席人」。看见这些词，就能找到「席」。,xí
zh-松,literacy,松,sōng,life,L3,松下问童 放松,用组词来记：「松下问童」「放松」。看见这些词，就能找到「松」。,sōng
zh-秘,literacy,秘,mì,life,L3,奥秘 秘方,用组词来记：「奥秘」「秘方」。看见这些词，就能找到「秘」。,mì
zh-谢,literacy,谢,xiè,life,L3,酬谢 代谢,用组词来记：「酬谢」「代谢」。看见这些词，就能找到「谢」。,xiè
zh-遇,literacy,遇,yù,life,L3,待遇 境遇,用组词来记：「待遇」「境遇」。看见这些词，就能找到「遇」。,yù
zh-康,literacy,康,kāng,life,L3,安康 健康,用组词来记：「安康」「健康」。看见这些词，就能找到「康」。,kāng
zh-虑,literacy,虑,lǜ,life,L3,顾虑 焦虑,用组词来记：「顾虑」「焦虑」。看见这些词，就能找到「虑」。,lǜ
zh-幸,literacy,幸,xìng,life,L3,不幸 侥幸,用组词来记：「不幸」「侥幸」。看见这些词，就能找到「幸」。,xìng
zh-均,literacy,均,jūn,life,L3,均不 均等,用组词来记：「均不」「均等」。看见这些词，就能找到「均」。,jūn
zh-销,literacy,销,xiāo,life,L3,报销 包销,用组词来记：「报销」「包销」。看见这些词，就能找到「销」。,xiāo
zh-钟,literacy,钟,zhōng,life,L3,时钟 闹钟,用组词来记：「时钟」「闹钟」。看见这些词，就能找到「钟」。,zhōng
zh-诗,literacy,诗,shī,life,L3,诗词 诗歌,用组词来记：「诗词」「诗歌」。看见这些词，就能找到「诗」。,shī
zh-藏,literacy,藏,cáng,life,L3,不解藏踪 暗藏,用组词来记：「不解藏踪」「暗藏」。看见这些词，就能找到「藏」。,cáng
zh-赶,literacy,赶,gǎn,life,L3,赶不上 赶超,用组词来记：「赶不上」「赶超」。看见这些词，就能找到「赶」。,gǎn
zh-剧,literacy,剧,jù,nature,L3,悲剧 电视剧,用组词来记：「悲剧」「电视剧」。看见这些词，就能找到「剧」。,jù
zh-票,literacy,票,piào,life,L3,钞票 车票,用组词来记：「钞票」「车票」。看见这些词，就能找到「票」。,piào
zh-损,literacy,损,sǔn,life,L3,耗损 亏损,用组词来记：「耗损」「亏损」。看见这些词，就能找到「损」。,sǔn
zh-忽,literacy,忽,hū,body,L3,忽然闭口 忽闻岸上,用组词来记：「忽然闭口」「忽闻岸上」。看见这些词，就能找到「忽」。,hū
zh-巨,literacy,巨,jù,life,L3,艰巨 艰巨性,用组词来记：「艰巨」「艰巨性」。看见这些词，就能找到「巨」。,jù
zh-炮,literacy,炮,pào,life,L3,大炮 礼炮,用组词来记：「大炮」「礼炮」。看见这些词，就能找到「炮」。,pào
zh-旧,literacy,旧,jiù,life,L4,换旧符 陈旧,用组词来记：「换旧符」「陈旧」。看见这些词，就能找到「旧」。,jiù
zh-端,literacy,端,duān,life,L4,弊端 顶端,用组词来记：「弊端」「顶端」。看见这些词，就能找到「端」。,duān
zh-探,literacy,探,tàn,life,L4,勘探 窥探,用组词来记：「勘探」「窥探」。看见这些词，就能找到「探」。,tàn
zh-湖,literacy,湖,hú,nature,L4,湖水 小湖,用组词来记：「湖水」「小湖」。看见这些词，就能找到「湖」。,hú
zh-录,literacy,录,lù,school,L4,备忘录 笔录,用组词来记：「备忘录」「笔录」。看见这些词，就能找到「录」。,lù
zh-叶,literacy,叶,yè,nature,L4,叶子 树叶,用组词来记：「叶子」「树叶」。看见这些词，就能找到「叶」。,yè
zh-春,literacy,春,chūn,nature,L4,春天 春风,用组词来记：「春天」「春风」。看见这些词，就能找到「春」。,chūn
zh-乡,literacy,乡,xiāng,life,L4,乡音无改 独在异乡,用组词来记：「乡音无改」「独在异乡」。看见这些词，就能找到「乡」。,xiāng
zh-附,literacy,附,fù,life,L4,附表 附带,用组词来记：「附表」「附带」。看见这些词，就能找到「附」。,fù
zh-吸,literacy,吸,xī,life,L4,呼吸 吸毒,用组词来记：「呼吸」「吸毒」。看见这些词，就能找到「吸」。,xī
zh-予,literacy,予,yǔ,life,L4,不予 赋予,用组词来记：「不予」「赋予」。看见这些词，就能找到「予」。,yǔ
zh-礼,literacy,礼,lǐ,life,L4,典礼 婚礼,用组词来记：「典礼」「婚礼」。看见这些词，就能找到「礼」。,lǐ
zh-港,literacy,港,gǎng,nature,L4,避风港 港澳,用组词来记：「避风港」「港澳」。看见这些词，就能找到「港」。,gǎng
zh-雨,literacy,雨,yǔ,nature,L4,下雨 雨水,用组词来记：「下雨」「雨水」。看见这些词，就能找到「雨」。,yǔ
zh-板,literacy,板,bǎn,life,L4,呆板 板报,用组词来记：「呆板」「板报」。看见这些词，就能找到「板」。,bǎn
zh-庭,literacy,庭,tíng,family,L4,出庭 大家庭,用组词来记：「出庭」「大家庭」。看见这些词，就能找到「庭」。,tíng
zh-妇,literacy,妇,fù,life,L4,产妇 妇产科,用组词来记：「产妇」「妇产科」。看见这些词，就能找到「妇」。,fù
zh-归,literacy,归,guī,life,L4,归案 归队,用组词来记：「归案」「归队」。看见这些词，就能找到「归」。,guī
zh-饭,literacy,饭,fàn,food,L4,吃饭 米饭,用组词来记：「吃饭」「米饭」。看见这些词，就能找到「饭」。,fàn
zh-额,literacy,额,é,life,L4,差额 超额,用组词来记：「差额」「超额」。看见这些词，就能找到「额」。,é
zh-含,literacy,含,hán,life,L4,窗含西岭 包含,用组词来记：「窗含西岭」「包含」。看见这些词，就能找到「含」。,hán
zh-顺,literacy,顺,shùn,life,L4,抚顺 理顺,用组词来记：「抚顺」「理顺」。看见这些词，就能找到「顺」。,shùn
zh-输,literacy,输,shū,life,L4,不服输 传输,用组词来记：「不服输」「传输」。看见这些词，就能找到「输」。,shū
zh-摇,literacy,摇,yáo,life,L4,动摇 飘摇,用组词来记：「动摇」「飘摇」。看见这些词，就能找到「摇」。,yáo
zh-招,literacy,招,zhāo,body,L4,遥招手 打招呼,用组词来记：「遥招手」「打招呼」。看见这些词，就能找到「招」。,zhāo
zh-婚,literacy,婚,hūn,life,L4,婚后 婚礼,用组词来记：「婚后」「婚礼」。看见这些词，就能找到「婚」。,hūn
zh-脱,literacy,脱,tuō,life,L4,摆脱 半脱产,用组词来记：「摆脱」「半脱产」。看见这些词，就能找到「脱」。,tuō
zh-补,literacy,补,bǔ,life,L4,补报 补偿,用组词来记：「补报」「补偿」。看见这些词，就能找到「补」。,bǔ
zh-谓,literacy,谓,wèi,life,L4,可谓 所谓,用组词来记：「可谓」「所谓」。看见这些词，就能找到「谓」。,wèi
zh-督,literacy,督,dū,life,L4,督促 督导,用组词来记：「督促」「督导」。看见这些词，就能找到「督」。,dū
zh-毒,literacy,毒,dú,life,L4,病毒 毒打,用组词来记：「病毒」「毒打」。看见这些词，就能找到「毒」。,dú
zh-油,literacy,油,yóu,life,L4,采油 柴油,用组词来记：「采油」「柴油」。看见这些词，就能找到「油」。,yóu
zh-疗,literacy,疗,liáo,nature,L4,电疗 疗程,用组词来记：「电疗」「疗程」。看见这些词，就能找到「疗」。,liáo
zh-旅,literacy,旅,lǚ,life,L4,劲旅 军旅,用组词来记：「劲旅」「军旅」。看见这些词，就能找到「旅」。,lǚ
zh-泽,literacy,泽,zé,life,L4,恩泽 光泽,用组词来记：「恩泽」「光泽」。看见这些词，就能找到「泽」。,zé
zh-材,literacy,材,cái,life,L4,板材 材料,用组词来记：「板材」「材料」。看见这些词，就能找到「材」。,cái
zh-灭,literacy,灭,miè,life,L4,毁灭 毁灭性,用组词来记：「毁灭」「毁灭性」。看见这些词，就能找到「灭」。,miè
zh-逐,literacy,逐,zhú,life,L4,放逐 角逐,用组词来记：「放逐」「角逐」。看见这些词，就能找到「逐」。,zhú
zh-莫,literacy,莫,mò,life,L4,莫愁前路 莫大,用组词来记：「莫愁前路」「莫大」。看见这些词，就能找到「莫」。,mò
zh-笔,literacy,笔,bǐ,school,L4,铅笔 毛笔,用组词来记：「铅笔」「毛笔」。看见这些词，就能找到「笔」。,bǐ
zh-亡,literacy,亡,wáng,life,L4,流亡 灭亡,用组词来记：「流亡」「灭亡」。看见这些词，就能找到「亡」。,wáng
zh-鲜,literacy,鲜,xiān,life,L4,保鲜 朝鲜,用组词来记：「保鲜」「朝鲜」。看见这些词，就能找到「鲜」。,xiān
zh-词,literacy,词,cí,life,L4,闭幕词 词典,用组词来记：「闭幕词」「词典」。看见这些词，就能找到「词」。,cí
zh-圣,literacy,圣,shèng,nature,L4,圣诞节 圣地,用组词来记：「圣诞节」「圣地」。看见这些词，就能找到「圣」。,shèng
zh-择,literacy,择,zé,life,L4,选择 择优,用组词来记：「选择」「择优」。看见这些词，就能找到「择」。,zé
zh-寻,literacy,寻,xún,life,L4,搜寻 探寻,用组词来记：「搜寻」「探寻」。看见这些词，就能找到「寻」。,xún
zh-厂,literacy,厂,chǎng,life,L4,办厂 本厂,用组词来记：「办厂」「本厂」。看见这些词，就能找到「厂」。,chǎng
zh-睡,literacy,睡,shuì,action,L4,睡觉 午睡,用组词来记：「睡觉」「午睡」。看见这些词，就能找到「睡」。,shuì
zh-博,literacy,博,bó,life,L4,博爱 博得,用组词来记：「博爱」「博得」。看见这些词，就能找到「博」。,bó
zh-勒,literacy,勒,lēi,life,L4,敕勒川阴 勒紧,用组词来记：「敕勒川阴」「勒紧」。看见这些词，就能找到「勒」。,lēi
zh-烟,literacy,烟,yān,number,L4,生紫烟 烟村四五,用组词来记：「生紫烟」「烟村四五」。看见这些词，就能找到「烟」。,yān
zh-授,literacy,授,shòu,life,L4,传授 副教授,用组词来记：「传授」「副教授」。看见这些词，就能找到「授」。,shòu
zh-诺,literacy,诺,nuò,life,L4,承诺 基诺,用组词来记：「承诺」「基诺」。看见这些词，就能找到「诺」。,nuò
zh-伦,literacy,伦,lún,life,L4,不及汪伦 鄂伦春,用组词来记：「不及汪伦」「鄂伦春」。看见这些词，就能找到「伦」。,lún
zh-岸,literacy,岸,àn,nature,L4,两岸猿声 两岸青山,用组词来记：「两岸猿声」「两岸青山」。看见这些词，就能找到「岸」。,àn
zh-奥,literacy,奥,ào,life,L4,奥秘 奥妙,用组词来记：「奥秘」「奥妙」。看见这些词，就能找到「奥」。,ào
zh-唐,literacy,唐,táng,nature,L4,荒唐 唐山,用组词来记：「荒唐」「唐山」。看见这些词，就能找到「唐」。,táng
zh-卖,literacy,卖,mài,life,L4,出卖 盗卖,用组词来记：「出卖」「盗卖」。看见这些词，就能找到「卖」。,mài
zh-炸,literacy,炸,zhà,life,L4,爆炸 轰炸,用组词来记：「爆炸」「轰炸」。看见这些词，就能找到「炸」。,zhà
zh-载,literacy,载,zài,life,L4,超载 承载,用组词来记：「超载」「承载」。看见这些词，就能找到「载」。,zài
zh-洛,literacy,洛,luò,food,L4,果洛 洛阳,用组词来记：「果洛」「洛阳」。看见这些词，就能找到「洛」。,luò
zh-健,literacy,健,jiàn,life,L4,保健 健步,用组词来记：「保健」「健步」。看见这些词，就能找到「健」。,jiàn
zh-堂,literacy,堂,táng,life,L4,大会堂 殿堂,用组词来记：「大会堂」「殿堂」。看见这些词，就能找到「堂」。,táng
zh-旁,literacy,旁,páng,life,L4,两旁 路旁,用组词来记：「两旁」「路旁」。看见这些词，就能找到「旁」。,páng
zh-宫,literacy,宫,gōng,color,L4,白宫 宫殿,用组词来记：「白宫」「宫殿」。看见这些词，就能找到「宫」。,gōng
zh-喝,literacy,喝,hē,food,L4,喝水 喝汤,用组词来记：「喝水」「喝汤」。看见这些词，就能找到「喝」。,hē
zh-借,literacy,借,jiè,life,L4,路人借问 拆借,用组词来记：「路人借问」「拆借」。看见这些词，就能找到「借」。,jiè
zh-君,literacy,君,jūn,life,L4,不识君 君子,用组词来记：「不识君」「君子」。看见这些词，就能找到「君」。,jūn
zh-禁,literacy,禁,jìn,life,L4,不禁 查禁,用组词来记：「不禁」「查禁」。看见这些词，就能找到「禁」。,jìn
zh-阴,literacy,阴,yīn,nature,L4,阴天 树阴,用组词来记：「阴天」「树阴」。看见这些词，就能找到「阴」。,yīn
zh-园,literacy,园,yuán,life,L4,公园 幼儿园,用组词来记：「公园」「幼儿园」。看见这些词，就能找到「园」。,yuán
zh-谋,literacy,谋,móu,life,L4,参谋 参谋长,用组词来记：「参谋」「参谋长」。看见这些词，就能找到「谋」。,móu
zh-避,literacy,避,bì,nature,L4,避风 避风港,用组词来记：「避风」「避风港」。看见这些词，就能找到「避」。,bì
zh-抓,literacy,抓,zhuā,life,L4,大抓 狠抓,用组词来记：「大抓」「狠抓」。看见这些词，就能找到「抓」。,zhuā
zh-荣,literacy,荣,róng,life,L4,繁荣 光荣,用组词来记：「繁荣」「光荣」。看见这些词，就能找到「荣」。,róng
zh-姑,literacy,姑,gū,life,L4,姑苏城外 姑娘,用组词来记：「姑苏城外」「姑娘」。看见这些词，就能找到「姑」。,gū
zh-孙,literacy,孙,sūn,life,L4,儿孙 孙女,用组词来记：「儿孙」「孙女」。看见这些词，就能找到「孙」。,sūn
zh-逃,literacy,逃,táo,life,L4,出逃 叛逃,用组词来记：「出逃」「叛逃」。看见这些词，就能找到「逃」。,táo
zh-牙,literacy,牙,yá,body,L4,刷牙 牙齿,用组词来记：「刷牙」「牙齿」。看见这些词，就能找到「牙」。,yá
zh-束,literacy,束,shù,life,L4,结束 结束语,用组词来记：「结束」「结束语」。看见这些词，就能找到「束」。,shù
zh-跳,literacy,跳,tiào,action,L4,跳舞 跳高,用组词来记：「跳舞」「跳高」。看见这些词，就能找到「跳」。,tiào
zh-顶,literacy,顶,dǐng,life,L4,顶班 顶部,用组词来记：「顶班」「顶部」。看见这些词，就能找到「顶」。,dǐng
zh-玉,literacy,玉,yù,color,L4,玉门关 呼作白玉,用组词来记：「玉门关」「呼作白玉」。看见这些词，就能找到「玉」。,yù
zh-镇,literacy,镇,zhèn,life,L4,城镇 村镇,用组词来记：「城镇」「村镇」。看见这些词，就能找到「镇」。,zhèn
zh-雪,literacy,雪,xuě,nature,L4,下雪 雪花,用组词来记：「下雪」「雪花」。看见这些词，就能找到「雪」。,xuě
zh-午,literacy,午,wǔ,life,L4,中午 午饭,用组词来记：「中午」「午饭」。看见这些词，就能找到「午」。,wǔ
zh-练,literacy,练,liàn,life,L4,操练 干练,用组词来记：「操练」「干练」。看见这些词，就能找到「练」。,liàn
zh-迫,literacy,迫,pò,life,L4,被迫 逼迫,用组词来记：「被迫」「逼迫」。看见这些词，就能找到「迫」。,pò
zh-爷,literacy,爷,yé,family,L4,爷爷 姥爷,用组词来记：「爷爷」「姥爷」。看见这些词，就能找到「爷」。,yé
zh-篇,literacy,篇,piān,life,L4,长篇 连篇,用组词来记：「长篇」「连篇」。看见这些词，就能找到「篇」。,piān
zh-肉,literacy,肉,ròu,food,L4,吃肉 牛肉,用组词来记：「吃肉」「牛肉」。看见这些词，就能找到「肉」。,ròu
zh-嘴,literacy,嘴,zuǐ,nature,L4,喷嘴 石嘴山,用组词来记：「喷嘴」「石嘴山」。看见这些词，就能找到「嘴」。,zuǐ
zh-馆,literacy,馆,guǎn,life,L4,宾馆 博物馆,用组词来记：「宾馆」「博物馆」。看见这些词，就能找到「馆」。,guǎn
zh-遍,literacy,遍,biàn,nature,L4,遍布 遍地,用组词来记：「遍布」「遍地」。看见这些词，就能找到「遍」。,biàn
zh-凡,literacy,凡,fán,life,L4,不凡 超凡,用组词来记：「不凡」「超凡」。看见这些词，就能找到「凡」。,fán
zh-础,literacy,础,chǔ,life,L4,打基础 基础,用组词来记：「打基础」「基础」。看见这些词，就能找到「础」。,chǔ
zh-洞,literacy,洞,dòng,life,L4,洞察力 防空洞,用组词来记：「洞察力」「防空洞」。看见这些词，就能找到「洞」。,dòng
zh-卷,literacy,卷,juǎn,life,L4,答卷 画卷,用组词来记：「答卷」「画卷」。看见这些词，就能找到「卷」。,juǎn
zh-坦,literacy,坦,tǎn,life,L4,平坦 舒坦,用组词来记：「平坦」「舒坦」。看见这些词，就能找到「坦」。,tǎn
zh-牛,literacy,牛,niú,animal,L4,小牛 黄牛,用组词来记：「小牛」「黄牛」。看见这些词，就能找到「牛」。,niú
zh-宁,literacy,宁,níng,life,L4,辽宁 辽宁省,用组词来记：「辽宁」「辽宁省」。看见这些词，就能找到「宁」。,níng
zh-纸,literacy,纸,zhǐ,school,L4,白纸 折纸,用组词来记：「白纸」「折纸」。看见这些词，就能找到「纸」。,zhǐ
zh-诸,literacy,诸,zhū,life,L4,比诸 见诸于,用组词来记：「比诸」「见诸于」。看见这些词，就能找到「诸」。,zhū
zh-训,literacy,训,xùn,life,L4,冬训 短训班,用组词来记：「冬训」「短训班」。看见这些词，就能找到「训」。,xùn
zh-私,literacy,私,sī,life,L4,贩私 公私,用组词来记：「贩私」「公私」。看见这些词，就能找到「私」。,sī
zh-庄,literacy,庄,zhuāng,life,L4,村庄 端庄,用组词来记：「村庄」「端庄」。看见这些词，就能找到「庄」。,zhuāng
zh-祖,literacy,祖,zǔ,life,L4,爱祖国 佛祖,用组词来记：「爱祖国」「佛祖」。看见这些词，就能找到「祖」。,zǔ
zh-丝,literacy,丝,sī,life,L4,蚕丝 丝绸,用组词来记：「蚕丝」「丝绸」。看见这些词，就能找到「丝」。,sī
zh-翻,literacy,翻,fān,life,L4,翻版 翻车,用组词来记：「翻版」「翻车」。看见这些词，就能找到「翻」。,fān
zh-暴,literacy,暴,bào,body,L4,暴跌 暴发,用组词来记：「暴跌」「暴发」。看见这些词，就能找到「暴」。,bào
zh-森,literacy,森,sēn,life,L4,森林 森严,用组词来记：「森林」「森严」。看见这些词，就能找到「森」。,sēn
zh-塔,literacy,塔,tǎ,school,L4,金字塔 塔吉克,用组词来记：「金字塔」「塔吉克」。看见这些词，就能找到「塔」。,tǎ
zh-默,literacy,默,mò,life,L4,沉默 静默,用组词来记：「沉默」「静默」。看见这些词，就能找到「默」。,mò
zh-握,literacy,握,wò,life,L4,把握 紧握,用组词来记：「把握」「紧握」。看见这些词，就能找到「握」。,wò
zh-戏,literacy,戏,xì,animal,L4,鱼戏莲叶 把戏,用组词来记：「鱼戏莲叶」「把戏」。看见这些词，就能找到「戏」。,xì
zh-隐,literacy,隐,yǐn,life,L4,隐蔽 隐藏,用组词来记：「隐蔽」「隐藏」。看见这些词，就能找到「隐」。,yǐn
zh-熟,literacy,熟,shú,life,L4,不熟 成熟,用组词来记：「不熟」「成熟」。看见这些词，就能找到「熟」。,shú
zh-骨,literacy,骨,gǔ,life,L4,刺骨 骨干,用组词来记：「刺骨」「骨干」。看见这些词，就能找到「骨」。,gǔ
zh-访,literacy,访,fǎng,life,L4,拜访 采访,用组词来记：「拜访」「采访」。看见这些词，就能找到「访」。,fǎng
zh-弱,literacy,弱,ruò,life,L4,薄弱 脆弱,用组词来记：「薄弱」「脆弱」。看见这些词，就能找到「弱」。,ruò
zh-蒙,literacy,蒙,méng,life,L4,蒙蔽 蒙古,用组词来记：「蒙蔽」「蒙古」。看见这些词，就能找到「蒙」。,méng
zh-歌,literacy,歌,gē,action,L4,唱歌 儿歌,用组词来记：「唱歌」「儿歌」。看见这些词，就能找到「歌」。,gē
zh-鬼,literacy,鬼,guǐ,life,L4,鬼把戏 鬼混,用组词来记：「鬼把戏」「鬼混」。看见这些词，就能找到「鬼」。,guǐ
zh-软,literacy,软,ruǎn,life,L4,疲软 柔软,用组词来记：「疲软」「柔软」。看见这些词，就能找到「软」。,ruǎn
zh-典,literacy,典,diǎn,life,L4,词典 辞典,用组词来记：「词典」「辞典」。看见这些词，就能找到「典」。,diǎn
zh-欲,literacy,欲,yù,life,L4,将欲行 意欲捕鸣,用组词来记：「将欲行」「意欲捕鸣」。看见这些词，就能找到「欲」。,yù
zh-萨,literacy,萨,sà,life,L4,哈萨克 活菩萨,用组词来记：「哈萨克」「活菩萨」。看见这些词，就能找到「萨」。,sà
zh-伙,literacy,伙,huǒ,life,L4,大伙 合伙,用组词来记：「大伙」「合伙」。看见这些词，就能找到「伙」。,huǒ
zh-遭,literacy,遭,zāo,life,L4,惨遭 连遭,用组词来记：「惨遭」「连遭」。看见这些词，就能找到「遭」。,zāo
zh-盘,literacy,盘,pán,life,L4,谁知盘中 磁盘,用组词来记：「谁知盘中」「磁盘」。看见这些词，就能找到「盘」。,pán
zh-爸,literacy,爸,bà,family,L4,爸爸 爸妈,用组词来记：「爸爸」「爸妈」。看见这些词，就能找到「爸」。,bà
zh-扩,literacy,扩,kuò,life,L4,扩编 扩充,用组词来记：「扩编」「扩充」。看见这些词，就能找到「扩」。,kuò
zh-盖,literacy,盖,gài,number,L4,笼盖四野 覆盖,用组词来记：「笼盖四野」「覆盖」。看见这些词，就能找到「盖」。,gài
zh-弄,literacy,弄,nòng,life,L4,摆弄 搬弄,用组词来记：「摆弄」「搬弄」。看见这些词，就能找到「弄」。,nòng
zh-雄,literacy,雄,xióng,life,L4,称雄 雌雄,用组词来记：「称雄」「雌雄」。看见这些词，就能找到「雄」。,xióng
zh-稳,literacy,稳,wěn,life,L4,安稳 不稳,用组词来记：「安稳」「不稳」。看见这些词，就能找到「稳」。,wěn
zh-忘,literacy,忘,wàng,life,L4,备忘录 不忘,用组词来记：「备忘录」「不忘」。看见这些词，就能找到「忘」。,wàng
zh-亿,literacy,亿,yì,number,L4,几亿 十亿,用组词来记：「几亿」「十亿」。看见这些词，就能找到「亿」。,yì
zh-刺,literacy,刺,cì,body,L4,冲刺 刺耳,用组词来记：「冲刺」「刺耳」。看见这些词，就能找到「刺」。,cì
zh-拥,literacy,拥,yōng,life,L4,簇拥 双拥,用组词来记：「簇拥」「双拥」。看见这些词，就能找到「拥」。,yōng
zh-徒,literacy,徒,tú,life,L4,暴徒 歹徒,用组词来记：「暴徒」「歹徒」。看见这些词，就能找到「徒」。,tú
zh-齐,literacy,齐,qí,life,L4,百花齐放 备齐,用组词来记：「百花齐放」「备齐」。看见这些词，就能找到「齐」。,qí
zh-赛,literacy,赛,sài,life,L4,半决赛 比赛,用组词来记：「半决赛」「比赛」。看见这些词，就能找到「赛」。,sài
zh-趣,literacy,趣,qù,nature,L4,兴趣 风趣,用组词来记：「兴趣」「风趣」。看见这些词，就能找到「趣」。,qù
zh-曲,literacy,曲,qū,nature,L4,曲项向天 插曲,用组词来记：「曲项向天」「插曲」。看见这些词，就能找到「曲」。,qū
zh-刀,literacy,刀,dāo,number,L4,剪刀 一刀切,用组词来记：「剪刀」「一刀切」。看见这些词，就能找到「刀」。,dāo
zh-床,literacy,床,chuáng,life,L4,小床 起床,用组词来记：「小床」「起床」。看见这些词，就能找到「床」。,chuáng
zh-迎,literacy,迎,yíng,life,L4,欢迎 欢迎词,用组词来记：「欢迎」「欢迎词」。看见这些词，就能找到「迎」。,yíng
zh-冰,literacy,冰,bīng,life,L4,冰川 冰冻,用组词来记：「冰川」「冰冻」。看见这些词，就能找到「冰」。,bīng
zh-虚,literacy,虚,xū,life,L4,空虚 谦虚,用组词来记：「空虚」「谦虚」。看见这些词，就能找到「虚」。,xū
zh-玩,literacy,玩,wán,action,L4,好玩 玩水,用组词来记：「好玩」「玩水」。看见这些词，就能找到「玩」。,wán
zh-析,literacy,析,xī,life,L4,分析 分析家,用组词来记：「分析」「分析家」。看见这些词，就能找到「析」。,xī
zh-窗,literacy,窗,chuāng,life,L4,窗户 开窗,用组词来记：「窗户」「开窗」。看见这些词，就能找到「窗」。,chuāng
zh-醒,literacy,醒,xǐng,life,L4,唤醒 惊醒,用组词来记：「唤醒」「惊醒」。看见这些词，就能找到「醒」。,xǐng
zh-透,literacy,透,tòu,food,L4,吃透 浸透,用组词来记：「吃透」「浸透」。看见这些词，就能找到「透」。,tòu
zh-购,literacy,购,gòu,life,L4,采购 采购员,用组词来记：「采购」「采购员」。看见这些词，就能找到「购」。,gòu
zh-替,literacy,替,tì,life,L4,代替 顶替,用组词来记：「代替」「顶替」。看见这些词，就能找到「替」。,tì
zh-塞,literacy,塞,sāi,life,L4,闭塞 堵塞,用组词来记：「闭塞」「堵塞」。看见这些词，就能找到「塞」。,sāi
zh-休,literacy,休,xiū,life,L4,罢休 甘休,用组词来记：「罢休」「甘休」。看见这些词，就能找到「休」。,xiū
zh-虎,literacy,虎,hǔ,nature,L4,老虎 小虎,用组词来记：「老虎」「小虎」。看见这些词，就能找到「虎」。,hǔ
zh-扬,literacy,扬,yáng,life,L4,昂扬 表扬,用组词来记：「昂扬」「表扬」。看见这些词，就能找到「扬」。,yáng
zh-途,literacy,途,tú,life,L4,长途 短途,用组词来记：「长途」「短途」。看见这些词，就能找到「途」。,tú
zh-侵,literacy,侵,qīn,life,L4,侵犯 侵害,用组词来记：「侵犯」「侵害」。看见这些词，就能找到「侵」。,qīn
zh-刑,literacy,刑,xíng,life,L4,免刑 判刑,用组词来记：「免刑」「判刑」。看见这些词，就能找到「刑」。,xíng
zh-绿,literacy,绿,lǜ,color,L4,绿叶 绿色,用组词来记：「绿叶」「绿色」。看见这些词，就能找到「绿」。,lǜ
zh-兄,literacy,兄,xiōng,family,L4,遥知兄弟 胞兄,用组词来记：「遥知兄弟」「胞兄」。看见这些词，就能找到「兄」。,xiōng
zh-迅,literacy,迅,xùn,life,L4,迅即 迅捷,用组词来记：「迅即」「迅捷」。看见这些词，就能找到「迅」。,xùn
zh-套,literacy,套,tào,nature,L4,成套 河套,用组词来记：「成套」「河套」。看见这些词，就能找到「套」。,tào
zh-贸,literacy,贸,mào,life,L4,财贸 工贸,用组词来记：「财贸」「工贸」。看见这些词，就能找到「贸」。,mào
zh-毕,literacy,毕,bì,life,L4,毕节 毕竟,用组词来记：「毕节」「毕竟」。看见这些词，就能找到「毕」。,bì
zh-唯,literacy,唯,wéi,life,L4,唯独 唯其,用组词来记：「唯独」「唯其」。看见这些词，就能找到「唯」。,wéi
zh-谷,literacy,谷,gǔ,life,L4,稻谷 低谷,用组词来记：「稻谷」「低谷」。看见这些词，就能找到「谷」。,gǔ
zh-轮,literacy,轮,lún,life,L4,轮船 班轮,用组词来记：「轮船」「班轮」。看见这些词，就能找到「轮」。,lún
zh-库,literacy,库,kù,life,L4,宝库 仓库,用组词来记：「宝库」「仓库」。看见这些词，就能找到「库」。,kù
zh-迹,literacy,迹,jī,life,L4,轨迹 古迹,用组词来记：「轨迹」「古迹」。看见这些词，就能找到「迹」。,jī
zh-尤,literacy,尤,yóu,life,L4,尤其 尤其是,用组词来记：「尤其」「尤其是」。看见这些词，就能找到「尤」。,yóu
zh-竞,literacy,竞,jìng,life,L4,竞技 竞赛,用组词来记：「竞技」「竞赛」。看见这些词，就能找到「竞」。,jìng
zh-街,literacy,街,jiē,life,L4,长安街 大街,用组词来记：「长安街」「大街」。看见这些词，就能找到「街」。,jiē
zh-促,literacy,促,cù,life,L4,仓促 促成,用组词来记：「仓促」「促成」。看见这些词，就能找到「促」。,cù
zh-延,literacy,延,yán,life,L4,蔓延 绵延,用组词来记：「蔓延」「绵延」。看见这些词，就能找到「延」。,yán
zh-震,literacy,震,zhèn,nature,L4,地震 防震,用组词来记：「地震」「防震」。看见这些词，就能找到「震」。,zhèn
zh-弃,literacy,弃,qì,life,L4,丢弃 放弃,用组词来记：「丢弃」「放弃」。看见这些词，就能找到「弃」。,qì
zh-甲,literacy,甲,jiǎ,life,L4,花甲 甲板,用组词来记：「花甲」「甲板」。看见这些词，就能找到「甲」。,jiǎ
zh-伟,literacy,伟,wěi,life,L4,宏伟 魁伟,用组词来记：「宏伟」「魁伟」。看见这些词，就能找到「伟」。,wěi
zh-麻,literacy,麻,má,life,L4,麻痹 麻烦,用组词来记：「麻痹」「麻烦」。看见这些词，就能找到「麻」。,má
zh-川,literacy,川,chuān,life,L4,挂前川 敕勒川阴,用组词来记：「挂前川」「敕勒川阴」。看见这些词，就能找到「川」。,chuān
zh-申,literacy,申,shēn,life,L4,重申 申办,用组词来记：「重申」「申办」。看见这些词，就能找到「申」。,shēn
zh-缓,literacy,缓,huǎn,life,L4,迟缓 和缓,用组词来记：「迟缓」「和缓」。看见这些词，就能找到「缓」。,huǎn
zh-潜,literacy,潜,qián,life,L4,核潜艇 潜藏,用组词来记：「核潜艇」「潜藏」。看见这些词，就能找到「潜」。,qián
zh-闪,literacy,闪,shǎn,nature,L4,躲闪 闪电,用组词来记：「躲闪」「闪电」。看见这些词，就能找到「闪」。,shǎn
zh-售,literacy,售,shòu,life,L4,出售 代售,用组词来记：「出售」「代售」。看见这些词，就能找到「售」。,shòu
zh-灯,literacy,灯,dēng,life,L4,电灯 红灯,用组词来记：「电灯」「红灯」。看见这些词，就能找到「灯」。,dēng
zh-针,literacy,针,zhēn,life,L4,方针 时针,用组词来记：「方针」「时针」。看见这些词，就能找到「针」。,zhēn
zh-哲,literacy,哲,zhé,life,L4,赫哲 先哲,用组词来记：「赫哲」「先哲」。看见这些词，就能找到「哲」。,zhé
zh-络,literacy,络,luò,life,L4,经络 联络,用组词来记：「经络」「联络」。看见这些词，就能找到「络」。,luò
zh-抵,literacy,抵,dǐ,life,L4,抵触 抵达,用组词来记：「抵触」「抵达」。看见这些词，就能找到「抵」。,dǐ
zh-抱,literacy,抱,bào,life,L4,抱病 抱负,用组词来记：「抱病」「抱负」。看见这些词，就能找到「抱」。,bào
zh-鼓,literacy,鼓,gǔ,life,L4,鼓吹 鼓动,用组词来记：「鼓吹」「鼓动」。看见这些词，就能找到「鼓」。,gǔ
zh-植,literacy,植,zhí,life,L4,动植物 扶植,用组词来记：「动植物」「扶植」。看见这些词，就能找到「植」。,zhí
zh-纯,literacy,纯,chún,life,L4,纯粹 纯碱,用组词来记：「纯粹」「纯碱」。看见这些词，就能找到「纯」。,chún
zh-夏,literacy,夏,xià,nature,L4,夏天 夏日,用组词来记：「夏天」「夏日」。看见这些词，就能找到「夏」。,xià
zh-忍,literacy,忍,rěn,life,L4,不忍 残忍,用组词来记：「不忍」「残忍」。看见这些词，就能找到「忍」。,rěn
zh-杰,literacy,杰,jié,life,L4,豪杰 杰出,用组词来记：「豪杰」「杰出」。看见这些词，就能找到「杰」。,jié
zh-筑,literacy,筑,zhù,life,L4,构筑 建筑,用组词来记：「构筑」「建筑」。看见这些词，就能找到「筑」。,zhù
zh-折,literacy,折,zhé,school,L4,折纸 波折,用组词来记：「折纸」「波折」。看见这些词，就能找到「折」。,zhé
zh-郑,literacy,郑,zhèng,life,L4,郑重 郑州,用组词来记：「郑重」「郑州」。看见这些词，就能找到「郑」。,zhèng
zh-贝,literacy,贝,bèi,life,L4,宝贝 拷贝,用组词来记：「宝贝」「拷贝」。看见这些词，就能找到「贝」。,bèi
zh-尊,literacy,尊,zūn,life,L4,自尊 自尊心,用组词来记：「自尊」「自尊心」。看见这些词，就能找到「尊」。,zūn
zh-秀,literacy,秀,xiù,nature,L4,山清水秀 俊秀,用组词来记：「山清水秀」「俊秀」。看见这些词，就能找到「秀」。,xiù
zh-混,literacy,混,hùn,life,L4,鬼混 含混,用组词来记：「鬼混」「含混」。看见这些词，就能找到「混」。,hùn
zh-臣,literacy,臣,chén,life,L4,大臣 功臣,用组词来记：「大臣」「功臣」。看见这些词，就能找到「臣」。,chén
zh-雅,literacy,雅,yǎ,life,L4,淡雅 大雅,用组词来记：「淡雅」「大雅」。看见这些词，就能找到「雅」。,yǎ
zh-振,literacy,振,zhèn,life,L4,歌声振林 不振,用组词来记：「歌声振林」「不振」。看见这些词，就能找到「振」。,zhèn
zh-染,literacy,染,rǎn,life,L4,传染 传染病,用组词来记：「传染」「传染病」。看见这些词，就能找到「染」。,rǎn
zh-盛,literacy,盛,shèng,life,L4,昌盛 鼎盛,用组词来记：「昌盛」「鼎盛」。看见这些词，就能找到「盛」。,shèng
zh-怒,literacy,怒,nù,life,L4,愤怒 恼怒,用组词来记：「愤怒」「恼怒」。看见这些词，就能找到「怒」。,nù
zh-舞,literacy,舞,wǔ,action,L4,跳舞 舞步,用组词来记：「跳舞」「舞步」。看见这些词，就能找到「舞」。,wǔ
zh-圆,literacy,圆,yuán,life,L4,半圆 方圆,用组词来记：「半圆」「方圆」。看见这些词，就能找到「圆」。,yuán
zh-搞,literacy,搞,gǎo,life,L4,大搞 搞好,用组词来记：「大搞」「搞好」。看见这些词，就能找到「搞」。,gǎo
zh-狂,literacy,狂,kuáng,life,L4,猖狂 疯狂,用组词来记：「猖狂」「疯狂」。看见这些词，就能找到「狂」。,kuáng
zh-措,literacy,措,cuò,life,L4,筹措 措辞,用组词来记：「筹措」「措辞」。看见这些词，就能找到「措」。,cuò
zh-姓,literacy,姓,xìng,life,L4,百姓 老百姓,用组词来记：「百姓」「老百姓」。看见这些词，就能找到「姓」。,xìng
zh-残,literacy,残,cán,life,L4,病残 残暴,用组词来记：「病残」「残暴」。看见这些词，就能找到「残」。,cán
zh-秋,literacy,秋,qiū,nature,L4,秋天 秋风,用组词来记：「秋天」「秋风」。看见这些词，就能找到「秋」。,qiū
zh-培,literacy,培,péi,life,L4,代培 培训,用组词来记：「代培」「培训」。看见这些词，就能找到「培」。,péi
zh-迷,literacy,迷,mí,life,L4,昏迷 迷宫,用组词来记：「昏迷」「迷宫」。看见这些词，就能找到「迷」。,mí
zh-诚,literacy,诚,chéng,life,L4,诚恳 诚然,用组词来记：「诚恳」「诚然」。看见这些词，就能找到「诚」。,chéng
zh-宽,literacy,宽,kuān,life,L4,从宽 放宽,用组词来记：「从宽」「放宽」。看见这些词，就能找到「宽」。,kuān
zh-宇,literacy,宇,yǔ,life,L4,庙宇 宇航,用组词来记：「庙宇」「宇航」。看见这些词，就能找到「宇」。,yǔ
zh-猛,literacy,猛,měng,life,L4,猛冲 猛打,用组词来记：「猛冲」「猛打」。看见这些词，就能找到「猛」。,měng
zh-摆,literacy,摆,bǎi,life,L4,摆布 摆动,用组词来记：「摆布」「摆动」。看见这些词，就能找到「摆」。,bǎi
zh-梅,literacy,梅,méi,life,L4,腊梅 梅花,用组词来记：「腊梅」「梅花」。看见这些词，就能找到「梅」。,méi
zh-毁,literacy,毁,huǐ,life,L4,拆毁 冲毁,用组词来记：「拆毁」「冲毁」。看见这些词，就能找到「毁」。,huǐ
zh-伸,literacy,伸,shēn,body,L4,伸出 伸手派,用组词来记：「伸出」「伸手派」。看见这些词，就能找到「伸」。,shēn
zh-摩,literacy,摩,mó,life,L4,揣摩 观摩,用组词来记：「揣摩」「观摩」。看见这些词，就能找到「摩」。,mó
zh-盟,literacy,盟,méng,life,L4,东盟 结盟,用组词来记：「东盟」「结盟」。看见这些词，就能找到「盟」。,méng
zh-末,literacy,末,mò,life,L4,粉末 末代,用组词来记：「粉末」「末代」。看见这些词，就能找到「末」。,mò
zh-乃,literacy,乃,nǎi,life,L4,乃是 乃至,用组词来记：「乃是」「乃至」。看见这些词，就能找到「乃」。,nǎi
zh-悲,literacy,悲,bēi,life,L4,悲哀 悲惨,用组词来记：「悲哀」「悲惨」。看见这些词，就能找到「悲」。,bēi
zh-拍,literacy,拍,pāi,life,L4,合拍 拍板,用组词来记：「合拍」「拍板」。看见这些词，就能找到「拍」。,pāi
zh-丁,literacy,丁,dīng,life,L4,拉丁 拉丁文,用组词来记：「拉丁」「拉丁文」。看见这些词，就能找到「丁」。,dīng
zh-硬,literacy,硬,yìng,life,L4,过硬 僵硬,用组词来记：「过硬」「僵硬」。看见这些词，就能找到「硬」。,yìng
zh-麦,literacy,麦,mài,life,L4,春小麦 冬麦,用组词来记：「春小麦」「冬麦」。看见这些词，就能找到「麦」。,mài
zh-操,literacy,操,cāo,life,L4,操场 操持,用组词来记：「操场」「操持」。看见这些词，就能找到「操」。,cāo
zh-阻,literacy,阻,zǔ,life,L4,肠梗阻 梗阻,用组词来记：「肠梗阻」「梗阻」。看见这些词，就能找到「阻」。,zǔ
zh-订,literacy,订,dìng,life,L4,订单 订购,用组词来记：「订单」「订购」。看见这些词，就能找到「订」。,dìng
zh-彩,literacy,彩,cǎi,nature,L4,彩云间 彩灯,用组词来记：「彩云间」「彩灯」。看见这些词，就能找到「彩」。,cǎi
zh-抽,literacy,抽,chōu,life,L4,抽查 抽出,用组词来记：「抽查」「抽出」。看见这些词，就能找到「抽」。,chōu
zh-赞,literacy,赞,zàn,life,L4,称赞 夸赞,用组词来记：「称赞」「夸赞」。看见这些词，就能找到「赞」。,zàn
zh-魔,literacy,魔,mó,life,L4,病魔 恶魔,用组词来记：「病魔」「恶魔」。看见这些词，就能找到「魔」。,mó
zh-纷,literacy,纷,fēn,nature,L4,雪纷纷 纷呈,用组词来记：「雪纷纷」「纷呈」。看见这些词，就能找到「纷」。,fēn
zh-沿,literacy,沿,yán,nature,L4,边沿 河沿,用组词来记：「边沿」「河沿」。看见这些词，就能找到「沿」。,yán
zh-喊,literacy,喊,hǎn,life,L4,喊叫 呼喊,用组词来记：「喊叫」「呼喊」。看见这些词，就能找到「喊」。,hǎn
zh-违,literacy,违,wéi,life,L4,久违 违背,用组词来记：「久违」「违背」。看见这些词，就能找到「违」。,wéi
zh-妹,literacy,妹,mèi,family,L4,妹妹 小妹,用组词来记：「妹妹」「小妹」。看见这些词，就能找到「妹」。,mèi
zh-浪,literacy,浪,làng,nature,L4,波浪 风浪,用组词来记：「波浪」「风浪」。看见这些词，就能找到「浪」。,làng
zh-汇,literacy,汇,huì,life,L4,创汇 创汇额,用组词来记：「创汇」「创汇额」。看见这些词，就能找到「汇」。,huì
zh-币,literacy,币,bì,life,L4,货币 钱币,用组词来记：「货币」「钱币」。看见这些词，就能找到「币」。,bì
zh-丰,literacy,丰,fēng,life,L4,丰碑 丰产,用组词来记：「丰碑」「丰产」。看见这些词，就能找到「丰」。,fēng
zh-蓝,literacy,蓝,lán,color,L4,蓝天 蓝色,用组词来记：「蓝天」「蓝色」。看见这些词，就能找到「蓝」。,lán
zh-殊,literacy,殊,shū,life,L4,殊不知 特殊,用组词来记：「殊不知」「特殊」。看见这些词，就能找到「殊」。,shū
zh-献,literacy,献,xiàn,life,L4,奉献 贡献,用组词来记：「奉献」「贡献」。看见这些词，就能找到「献」。,xiàn
zh-桌,literacy,桌,zhuō,life,L4,桌子 课桌,用组词来记：「桌子」「课桌」。看见这些词，就能找到「桌」。,zhuō
zh-瓦,literacy,瓦,wǎ,life,L4,千瓦 瓦房,用组词来记：「千瓦」「瓦房」。看见这些词，就能找到「瓦」。,wǎ
zh-援,literacy,援,yuán,life,L4,救援 军援,用组词来记：「救援」「军援」。看见这些词，就能找到「援」。,yuán
zh-译,literacy,译,yì,school,L4,编译 笔译,用组词来记：「编译」「笔译」。看见这些词，就能找到「译」。,yì
zh-夺,literacy,夺,duó,life,L4,剥夺 夺标,用组词来记：「剥夺」「夺标」。看见这些词，就能找到「夺」。,duó
zh-汽,literacy,汽,qì,life,L4,汽车 汽车站,用组词来记：「汽车」「汽车站」。看见这些词，就能找到「汽」。,qì
zh-烧,literacy,烧,shāo,nature,L4,野火烧不 焚烧,用组词来记：「野火烧不」「焚烧」。看见这些词，就能找到「烧」。,shāo
zh-距,literacy,距,jù,life,L4,测距 差距,用组词来记：「测距」「差距」。看见这些词，就能找到「距」。,jù
zh-裁,literacy,裁,cái,life,L4,裁定 裁减,用组词来记：「裁定」「裁减」。看见这些词，就能找到「裁」。,cái
zh-偏,literacy,偏,piān,life,L4,纠偏 偏爱,用组词来记：「纠偏」「偏爱」。看见这些词，就能找到「偏」。,piān
zh-符,literacy,符,fú,life,L4,换旧符 不符,用组词来记：「换旧符」「不符」。看见这些词，就能找到「符」。,fú
zh-勇,literacy,勇,yǒng,life,L4,奋勇 英勇,用组词来记：「奋勇」「英勇」。看见这些词，就能找到「勇」。,yǒng
zh-触,literacy,触,chù,body,L4,触发 触犯,用组词来记：「触发」「触犯」。看见这些词，就能找到「触」。,chù
zh-课,literacy,课,kè,school,L4,上课 课文,用组词来记：「上课」「课文」。看见这些词，就能找到「课」。,kè
zh-敬,literacy,敬,jìng,life,L4,崇敬 敬爱,用组词来记：「崇敬」「敬爱」。看见这些词，就能找到「敬」。,jìng
zh-哭,literacy,哭,kū,action,L4,爱哭 哭了,用组词来记：「爱哭」「哭了」。看见这些词，就能找到「哭」。,kū
zh-懂,literacy,懂,dǒng,life,L4,不懂 懂得,用组词来记：「不懂」「懂得」。看见这些词，就能找到「懂」。,dǒng
zh-墙,literacy,墙,qiáng,life,L4,墙角数枝 墙报,用组词来记：「墙角数枝」「墙报」。看见这些词，就能找到「墙」。,qiáng
zh-袭,literacy,袭,xí,life,L4,抄袭 承袭,用组词来记：「抄袭」「承袭」。看见这些词，就能找到「袭」。,xí
zh-召,literacy,召,zhào,life,L4,号召 号召力,用组词来记：「号召」「号召力」。看见这些词，就能找到「召」。,zhào
zh-罚,literacy,罚,fá,life,L4,惩罚 处罚,用组词来记：「惩罚」「处罚」。看见这些词，就能找到「罚」。,fá
zh-厅,literacy,厅,tīng,life,L4,办公厅 餐厅,用组词来记：「办公厅」「餐厅」。看见这些词，就能找到「厅」。,tīng
zh-拜,literacy,拜,bài,life,L4,拜访 拜年,用组词来记：「拜访」「拜年」。看见这些词，就能找到「拜」。,bài
zh-巧,literacy,巧,qiǎo,life,L4,不巧 凑巧,用组词来记：「不巧」「凑巧」。看见这些词，就能找到「巧」。,qiǎo
zh-侧,literacy,侧,cè,life,L4,侧面 侧翼,用组词来记：「侧面」「侧翼」。看见这些词，就能找到「侧」。,cè
zh-冒,literacy,冒,mào,life,L4,假冒 冒充,用组词来记：「假冒」「冒充」。看见这些词，就能找到「冒」。,mào
zh-债,literacy,债,zhài,life,L4,负债 公债,用组词来记：「负债」「公债」。看见这些词，就能找到「债」。,zhài
zh-融,literacy,融,róng,life,L4,交融 金融,用组词来记：「交融」「金融」。看见这些词，就能找到「融」。,róng
zh-惯,literacy,惯,guàn,life,L4,按惯例 惯例,用组词来记：「按惯例」「惯例」。看见这些词，就能找到「惯」。,guàn
zh-享,literacy,享,xiǎng,life,L4,分享 共享,用组词来记：「分享」「共享」。看见这些词，就能找到「享」。,xiǎng
zh-戴,literacy,戴,dài,nature,L4,爱戴 北戴河,用组词来记：「爱戴」「北戴河」。看见这些词，就能找到「戴」。,dài
zh-童,literacy,童,tóng,life,L4,儿童相见 松下问童,用组词来记：「儿童相见」「松下问童」。看见这些词，就能找到「童」。,tóng
zh-犹,literacy,犹,yóu,life,L4,农夫犹饿 犹如,用组词来记：「农夫犹饿」「犹如」。看见这些词，就能找到「犹」。,yóu
zh-乘,literacy,乘,chéng,color,L4,李白乘舟 乘车,用组词来记：「李白乘舟」「乘车」。看见这些词，就能找到「乘」。,chéng
zh-挂,literacy,挂,guà,life,L4,挂前川 倒挂,用组词来记：「挂前川」「倒挂」。看见这些词，就能找到「挂」。,guà
zh-奖,literacy,奖,jiǎng,life,L4,颁奖 大奖,用组词来记：「颁奖」「大奖」。看见这些词，就能找到「奖」。,jiǎng
zh-绍,literacy,绍,shào,life,L4,介绍 介绍信,用组词来记：「介绍」「介绍信」。看见这些词，就能找到「绍」。,shào
zh-厚,literacy,厚,hòu,life,L4,丰厚 厚度,用组词来记：「丰厚」「厚度」。看见这些词，就能找到「厚」。,hòu
zh-纵,literacy,纵,zòng,life,L5,操纵 操纵杆,用组词来记：「操纵」「操纵杆」。看见这些词，就能找到「纵」。,zòng
zh-障,literacy,障,zhàng,life,L5,保障 故障,用组词来记：「保障」「故障」。看见这些词，就能找到「障」。,zhàng
zh-讯,literacy,讯,xùn,nature,L5,本报讯 电讯,用组词来记：「本报讯」「电讯」。看见这些词，就能找到「讯」。,xùn
zh-涉,literacy,涉,shè,life,L5,跋涉 干涉,用组词来记：「跋涉」「干涉」。看见这些词，就能找到「涉」。,shè
zh-彻,literacy,彻,chè,life,L5,彻底 彻夜,用组词来记：「彻底」「彻夜」。看见这些词，就能找到「彻」。,chè
zh-刊,literacy,刊,kān,nature,L5,半月刊 报刊,用组词来记：「半月刊」「报刊」。看见这些词，就能找到「刊」。,kān
zh-爆,literacy,爆,bào,body,L5,爆竹声中 爆发,用组词来记：「爆竹声中」「爆发」。看见这些词，就能找到「爆」。,bào
zh-乌,literacy,乌,wū,nature,L5,月落乌啼 乌海,用组词来记：「月落乌啼」「乌海」。看见这些词，就能找到「乌」。,wū
zh-役,literacy,役,yì,life,L5,兵役 兵役法,用组词来记：「兵役」「兵役法」。看见这些词，就能找到「役」。,yì
zh-描,literacy,描,miáo,life,L5,描绘 描述,用组词来记：「描绘」「描述」。看见这些词，就能找到「描」。,miáo
zh-洗,literacy,洗,xǐ,body,L5,洗手 洗碗,用组词来记：「洗手」「洗碗」。看见这些词，就能找到「洗」。,xǐ
zh-患,literacy,患,huàn,life,L5,共患难 后患,用组词来记：「共患难」「后患」。看见这些词，就能找到「患」。,huàn
zh-妙,literacy,妙,miào,life,L5,奥妙 不妙,用组词来记：「奥妙」「不妙」。看见这些词，就能找到「妙」。,miào
zh-镜,literacy,镜,jìng,body,L5,镜头 镜子,用组词来记：「镜头」「镜子」。看见这些词，就能找到「镜」。,jìng
zh-唱,literacy,唱,chàng,action,L5,唱歌 欢唱,用组词来记：「唱歌」「欢唱」。看见这些词，就能找到「唱」。,chàng
zh-烦,literacy,烦,fán,life,L5,烦恼 烦躁,用组词来记：「烦恼」「烦躁」。看见这些词，就能找到「烦」。,fán
zh-签,literacy,签,qiān,life,L5,标签 草签,用组词来记：「标签」「草签」。看见这些词，就能找到「签」。,qiān
zh-彼,literacy,彼,bǐ,life,L5,彼岸 彼此,用组词来记：「彼岸」「彼此」。看见这些词，就能找到「彼」。,bǐ
zh-症,literacy,症,zhèng,life,L5,癌症 病症,用组词来记：「癌症」「病症」。看见这些词，就能找到「症」。,zhèng
zh-仿,literacy,仿,fǎng,life,L5,仿佛 仿古,用组词来记：「仿佛」「仿古」。看见这些词，就能找到「仿」。,fǎng
zh-倾,literacy,倾,qīng,life,L5,倾倒 倾诉,用组词来记：「倾倒」「倾诉」。看见这些词，就能找到「倾」。,qīng
zh-牌,literacy,牌,pái,life,L5,标语牌 挡箭牌,用组词来记：「标语牌」「挡箭牌」。看见这些词，就能找到「牌」。,pái
zh-陷,literacy,陷,xiàn,life,L5,缺陷 失陷,用组词来记：「缺陷」「失陷」。看见这些词，就能找到「陷」。,xiàn
zh-鸟,literacy,鸟,niǎo,animal,L5,小鸟 飞鸟,用组词来记：「小鸟」「飞鸟」。看见这些词，就能找到「鸟」。,niǎo
zh-轰,literacy,轰,hōng,life,L5,轰动 轰击,用组词来记：「轰动」「轰击」。看见这些词，就能找到「轰」。,hōng
zh-菜,literacy,菜,cài,food,L5,青菜 买菜,用组词来记：「青菜」「买菜」。看见这些词，就能找到「菜」。,cài
zh-闭,literacy,闭,bì,body,L5,忽然闭口 闭合,用组词来记：「忽然闭口」「闭合」。看见这些词，就能找到「闭」。,bì
zh-奋,literacy,奋,fèn,body,L5,发奋 奋斗,用组词来记：「发奋」「奋斗」。看见这些词，就能找到「奋」。,fèn
zh-庆,literacy,庆,qìng,life,L5,安庆 重庆,用组词来记：「安庆」「重庆」。看见这些词，就能找到「庆」。,qìng
zh-撤,literacy,撤,chè,life,L5,撤兵 撤除,用组词来记：「撤兵」「撤除」。看见这些词，就能找到「撤」。,chè
zh-泪,literacy,泪,lèi,life,L5,挥泪 泪花,用组词来记：「挥泪」「泪花」。看见这些词，就能找到「泪」。,lèi
zh-茶,literacy,茶,chá,food,L5,喝茶 茶叶,用组词来记：「喝茶」「茶叶」。看见这些词，就能找到「茶」。,chá
zh-疾,literacy,疾,jí,life,L5,残疾 疾病,用组词来记：「残疾」「疾病」。看见这些词，就能找到「疾」。,jí
zh-缘,literacy,缘,yuán,life,L5,边缘 绝缘,用组词来记：「边缘」「绝缘」。看见这些词，就能找到「缘」。,yuán
zh-播,literacy,播,bō,body,L5,播出 播发,用组词来记：「播出」「播发」。看见这些词，就能找到「播」。,bō
zh-朗,literacy,朗,lǎng,action,L5,朗读 布朗,用组词来记：「朗读」「布朗」。看见这些词，就能找到「朗」。,lǎng
zh-杜,literacy,杜,dù,life,L5,杜绝 杜撰,用组词来记：「杜绝」「杜撰」。看见这些词，就能找到「杜」。,dù
zh-奶,literacy,奶,nǎi,family,L5,奶奶 牛奶,用组词来记：「奶奶」「牛奶」。看见这些词，就能找到「奶」。,nǎi
zh-季,literacy,季,jì,number,L5,四季 春季,用组词来记：「四季」「春季」。看见这些词，就能找到「季」。,jì
zh-丹,literacy,丹,dān,life,L5,丹东 丹青,用组词来记：「丹东」「丹青」。看见这些词，就能找到「丹」。,dān
zh-狗,literacy,狗,gǒu,animal,L5,小狗 白狗,用组词来记：「小狗」「白狗」。看见这些词，就能找到「狗」。,gǒu
zh-尾,literacy,尾,wěi,life,L5,结尾 末尾,用组词来记：「结尾」「末尾」。看见这些词，就能找到「尾」。,wěi
zh-仪,literacy,仪,yí,life,L5,礼仪 仪表,用组词来记：「礼仪」「仪表」。看见这些词，就能找到「仪」。,yí
zh-偷,literacy,偷,tōu,color,L5,偷采白莲 偷盗,用组词来记：「偷采白莲」「偷盗」。看见这些词，就能找到「偷」。,tōu
zh-奔,literacy,奔,bēn,animal,L5,万马奔腾 奔波,用组词来记：「万马奔腾」「奔波」。看见这些词，就能找到「奔」。,bēn
zh-珠,literacy,珠,zhū,life,L5,明珠 珍珠,用组词来记：「明珠」「珍珠」。看见这些词，就能找到「珠」。,zhū
zh-虫,literacy,虫,chóng,animal,L5,小虫 虫子,用组词来记：「小虫」「虫子」。看见这些词，就能找到「虫」。,chóng
zh-驻,literacy,驻,zhù,life,L5,常驻 进驻,用组词来记：「常驻」「进驻」。看见这些词，就能找到「驻」。,zhù
zh-孔,literacy,孔,kǒng,life,L5,孔府 孔雀,用组词来记：「孔府」「孔雀」。看见这些词，就能找到「孔」。,kǒng
zh-宜,literacy,宜,yí,life,L5,便宜 不宜,用组词来记：「便宜」「不宜」。看见这些词，就能找到「宜」。,yí
zh-桥,literacy,桥,qiáo,life,L5,大桥 小桥,用组词来记：「大桥」「小桥」。看见这些词，就能找到「桥」。,qiáo
zh-淡,literacy,淡,dàn,life,L5,暗淡 惨淡,用组词来记：「暗淡」「惨淡」。看见这些词，就能找到「淡」。,dàn
zh-翼,literacy,翼,yì,life,L5,侧翼 两翼,用组词来记：「侧翼」「两翼」。看见这些词，就能找到「翼」。,yì
zh-恨,literacy,恨,hèn,life,L5,仇恨 恨不得,用组词来记：「仇恨」「恨不得」。看见这些词，就能找到「恨」。,hèn
zh-繁,literacy,繁,fán,life,L5,繁多 繁华,用组词来记：「繁多」「繁华」。看见这些词，就能找到「繁」。,fán
zh-寒,literacy,寒,hán,nature,L5,寒山寺 凌寒独自,用组词来记：「寒山寺」「凌寒独自」。看见这些词，就能找到「寒」。,hán
zh-伴,literacy,伴,bàn,life,L5,伴侣 伴随,用组词来记：「伴侣」「伴随」。看见这些词，就能找到「伴」。,bàn
zh-叹,literacy,叹,tàn,life,L5,哀叹 感叹,用组词来记：「哀叹」「感叹」。看见这些词，就能找到「叹」。,tàn
zh-旦,literacy,旦,dàn,number,L5,旦夕 一旦,用组词来记：「旦夕」「一旦」。看见这些词，就能找到「旦」。,dàn
zh-愈,literacy,愈,yù,life,L5,病愈 愈合,用组词来记：「病愈」「愈合」。看见这些词，就能找到「愈」。,yù
zh-潮,literacy,潮,cháo,life,L5,潮流 潮气,用组词来记：「潮流」「潮气」。看见这些词，就能找到「潮」。,cháo
zh-粮,literacy,粮,liáng,life,L5,产粮 产粮区,用组词来记：「产粮」「产粮区」。看见这些词，就能找到「粮」。,liáng
zh-缩,literacy,缩,suō,life,L5,紧缩 浓缩,用组词来记：「紧缩」「浓缩」。看见这些词，就能找到「缩」。,suō
zh-罢,literacy,罢,bà,life,L5,罢工 罢免,用组词来记：「罢工」「罢免」。看见这些词，就能找到「罢」。,bà
zh-聚,literacy,聚,jù,life,L5,欢聚 汇聚,用组词来记：「欢聚」「汇聚」。看见这些词，就能找到「聚」。,jù
zh-径,literacy,径,jìng,nature,L5,石径斜 万径人踪,用组词来记：「石径斜」「万径人踪」。看见这些词，就能找到「径」。,jìng
zh-恰,literacy,恰,qià,life,L5,恰当 恰逢,用组词来记：「恰当」「恰逢」。看见这些词，就能找到「恰」。,qià
zh-挑,literacy,挑,tiāo,life,L5,肩挑 挑拨,用组词来记：「肩挑」「挑拨」。看见这些词，就能找到「挑」。,tiāo
zh-袋,literacy,袋,dài,life,L5,袋装 袋子,用组词来记：「袋装」「袋子」。看见这些词，就能找到「袋」。,dài
zh-灰,literacy,灰,huī,life,L5,骨灰 灰暗,用组词来记：「骨灰」「灰暗」。看见这些词，就能找到「灰」。,huī
zh-捕,literacy,捕,bǔ,life,L5,意欲捕鸣 被捕,用组词来记：「意欲捕鸣」「被捕」。看见这些词，就能找到「捕」。,bǔ
zh-珍,literacy,珍,zhēn,life,L5,袖珍 珍爱,用组词来记：「袖珍」「珍爱」。看见这些词，就能找到「珍」。,zhēn
zh-幕,literacy,幕,mù,life,L5,闭幕 闭幕词,用组词来记：「闭幕」「闭幕词」。看见这些词，就能找到「幕」。,mù
zh-映,literacy,映,yìng,life,L5,草映身 播映,用组词来记：「草映身」「播映」。看见这些词，就能找到「映」。,yìng
zh-裂,literacy,裂,liè,life,L5,爆裂 崩裂,用组词来记：「爆裂」「崩裂」。看见这些词，就能找到「裂」。,liè
zh-泰,literacy,泰,tài,life,L5,泰安 泰斗,用组词来记：「泰安」「泰斗」。看见这些词，就能找到「泰」。,tài
zh-隔,literacy,隔,gé,life,L5,分隔 隔断,用组词来记：「分隔」「隔断」。看见这些词，就能找到「隔」。,gé
zh-启,literacy,启,qǐ,life,L5,启程 启齿,用组词来记：「启程」「启齿」。看见这些词，就能找到「启」。,qǐ
zh-尖,literacy,尖,jiān,body,L5,鼻尖 尖尖角,用组词来记：「鼻尖」「尖尖角」。看见这些词，就能找到「尖」。,jiān
zh-忠,literacy,忠,zhōng,life,L5,忠诚 忠告,用组词来记：「忠诚」「忠告」。看见这些词，就能找到「忠」。,zhōng
zh-累,literacy,累,lèi,life,L5,积累 劳累,用组词来记：「积累」「劳累」。看见这些词，就能找到「累」。,lèi
zh-炎,literacy,炎,yán,body,L5,发炎 炎凉,用组词来记：「发炎」「炎凉」。看见这些词，就能找到「炎」。,yán
zh-暂,literacy,暂,zàn,life,L5,短暂 暂不,用组词来记：「短暂」「暂不」。看见这些词，就能找到「暂」。,zàn
zh-估,literacy,估,gū,life,L5,低估 估产,用组词来记：「低估」「估产」。看见这些词，就能找到「估」。,gū
zh-泛,literacy,泛,fàn,life,L5,泛滥 广泛,用组词来记：「泛滥」「广泛」。看见这些词，就能找到「泛」。,fàn
zh-荒,literacy,荒,huāng,life,L5,备荒 荒诞,用组词来记：「备荒」「荒诞」。看见这些词，就能找到「荒」。,huāng
zh-偿,literacy,偿,cháng,life,L5,补偿 补偿费,用组词来记：「补偿」「补偿费」。看见这些词，就能找到「偿」。,cháng
zh-横,literacy,横,héng,life,L5,横穿 横渡,用组词来记：「横穿」「横渡」。看见这些词，就能找到「横」。,héng
zh-拒,literacy,拒,jù,life,L5,拒不 拒付,用组词来记：「拒不」「拒付」。看见这些词，就能找到「拒」。,jù
zh-瑞,literacy,瑞,ruì,life,L5,瑞典 瑞丽,用组词来记：「瑞典」「瑞丽」。看见这些词，就能找到「瑞」。,ruì
zh-忆,literacy,忆,yì,life,L5,回忆 回忆录,用组词来记：「回忆」「回忆录」。看见这些词，就能找到「忆」。,yì
zh-孤,literacy,孤,gū,number,L5,一片孤城 孤帆一片,用组词来记：「一片孤城」「孤帆一片」。看见这些词，就能找到「孤」。,gū
zh-鼻,literacy,鼻,bí,body,L5,鼻子 鼻尖,用组词来记：「鼻子」「鼻尖」。看见这些词，就能找到「鼻」。,bí
zh-闹,literacy,闹,nào,life,L5,闹钟 吵闹,用组词来记：「闹钟」「吵闹」。看见这些词，就能找到「闹」。,nào
zh-羊,literacy,羊,yáng,animal,L5,小羊 山羊,用组词来记：「小羊」「山羊」。看见这些词，就能找到「羊」。,yáng
zh-呆,literacy,呆,dāi,school,L5,呆板 书呆子,用组词来记：「呆板」「书呆子」。看见这些词，就能找到「呆」。,dāi
zh-厉,literacy,厉,lì,life,L5,厉害 凌厉,用组词来记：「厉害」「凌厉」。看见这些词，就能找到「厉」。,lì
zh-衡,literacy,衡,héng,life,L5,不平衡 衡量,用组词来记：「不平衡」「衡量」。看见这些词，就能找到「衡」。,héng
zh-胞,literacy,胞,bāo,family,L5,胞波 胞弟,用组词来记：「胞波」「胞弟」。看见这些词，就能找到「胞」。,bāo
zh-零,literacy,零,líng,life,L5,等于零 孤零零,用组词来记：「等于零」「孤零零」。看见这些词，就能找到「零」。,líng
zh-穷,literacy,穷,qióng,life,L5,欲穷千里 贫穷,用组词来记：「欲穷千里」「贫穷」。看见这些词，就能找到「穷」。,qióng
zh-舍,literacy,舍,shě,life,L5,取舍 舍不得,用组词来记：「取舍」「舍不得」。看见这些词，就能找到「舍」。,shě
zh-码,literacy,码,mǎ,life,L5,编码 筹码,用组词来记：「编码」「筹码」。看见这些词，就能找到「码」。,mǎ
zh-赫,literacy,赫,hè,life,L5,赫哲 显赫,用组词来记：「赫哲」「显赫」。看见这些词，就能找到「赫」。,hè
zh-婆,literacy,婆,pó,life,L5,老婆 婆家,用组词来记：「老婆」「婆家」。看见这些词，就能找到「婆」。,pó
zh-魂,literacy,魂,hún,life,L5,魂魄 灵魂,用组词来记：「魂魄」「灵魂」。看见这些词，就能找到「魂」。,hún
zh-灾,literacy,灾,zāi,animal,L5,成灾 虫灾,用组词来记：「成灾」「虫灾」。看见这些词，就能找到「灾」。,zāi
zh-洪,literacy,洪,hóng,life,L5,防洪 分洪,用组词来记：「防洪」「分洪」。看见这些词，就能找到「洪」。,hóng
zh-腿,literacy,腿,tuǐ,body,L5,小腿 大腿,用组词来记：「小腿」「大腿」。看见这些词，就能找到「腿」。,tuǐ
zh-胆,literacy,胆,dǎn,life,L5,大胆 胆大,用组词来记：「大胆」「胆大」。看见这些词，就能找到「胆」。,dǎn
zh-津,literacy,津,jīn,life,L5,京津 津贴,用组词来记：「京津」「津贴」。看见这些词，就能找到「津」。,jīn
zh-俗,literacy,俗,sú,nature,L5,风俗 陋俗,用组词来记：「风俗」「陋俗」。看见这些词，就能找到「俗」。,sú
zh-辩,literacy,辩,biàn,life,L5,辩驳 辩护,用组词来记：「辩驳」「辩护」。看见这些词，就能找到「辩」。,biàn
zh-胸,literacy,胸,xiōng,life,L5,心胸 胸怀,用组词来记：「心胸」「胸怀」。看见这些词，就能找到「胸」。,xiōng
zh-晓,literacy,晓,xiǎo,life,L5,分晓 拂晓,用组词来记：「分晓」「拂晓」。看见这些词，就能找到「晓」。,xiǎo
zh-劲,literacy,劲,jìn,life,L5,苍劲 费劲,用组词来记：「苍劲」「费劲」。看见这些词，就能找到「劲」。,jìn
zh-贫,literacy,贫,pín,life,L5,扶贫 贫乏,用组词来记：「扶贫」「贫乏」。看见这些词，就能找到「贫」。,pín
zh-仁,literacy,仁,rén,life,L5,仁爱 仁慈,用组词来记：「仁爱」「仁慈」。看见这些词，就能找到「仁」。,rén
zh-偶,literacy,偶,ǒu,nature,L5,木偶 偶尔,用组词来记：「木偶」「偶尔」。看见这些词，就能找到「偶」。,ǒu
zh-辑,literacy,辑,jí,life,L5,编辑 编辑部,用组词来记：「编辑」「编辑部」。看见这些词，就能找到「辑」。,jí
zh-邦,literacy,邦,bāng,life,L5,联邦 邻邦,用组词来记：「联邦」「邻邦」。看见这些词，就能找到「邦」。,bāng
zh-赖,literacy,赖,lài,life,L5,抵赖 狡赖,用组词来记：「抵赖」「狡赖」。看见这些词，就能找到「赖」。,lài
zh-圈,literacy,圈,quān,life,L5,兜圈子 花圈,用组词来记：「兜圈子」「花圈」。看见这些词，就能找到「圈」。,quān
zh-摸,literacy,摸,mō,life,L5,触摸 抚摸,用组词来记：「触摸」「抚摸」。看见这些词，就能找到「摸」。,mō
zh-仰,literacy,仰,yǎng,life,L5,景仰 敬仰,用组词来记：「景仰」「敬仰」。看见这些词，就能找到「仰」。,yǎng
zh-润,literacy,润,rùn,life,L5,纯利润 浸润,用组词来记：「纯利润」「浸润」。看见这些词，就能找到「润」。,rùn
zh-堆,literacy,堆,duī,life,L5,成堆 堆放,用组词来记：「成堆」「堆放」。看见这些词，就能找到「堆」。,duī
zh-碰,literacy,碰,pèng,life,L5,磕碰 碰壁,用组词来记：「磕碰」「碰壁」。看见这些词，就能找到「碰」。,pèng
zh-艇,literacy,艇,tǐng,life,L5,核潜艇 舰艇,用组词来记：「核潜艇」「舰艇」。看见这些词，就能找到「艇」。,tǐng
zh-稍,literacy,稍,shāo,life,L5,稍不 稍差,用组词来记：「稍不」「稍差」。看见这些词，就能找到「稍」。,shāo
zh-迟,literacy,迟,chí,life,L5,意恐迟迟 迟到,用组词来记：「意恐迟迟」「迟到」。看见这些词，就能找到「迟」。,chí
zh-废,literacy,废,fèi,life,L5,报废 残废,用组词来记：「报废」「残废」。看见这些词，就能找到「废」。,fèi
zh-净,literacy,净,jìng,life,L5,纯净 干净,用组词来记：「纯净」「干净」。看见这些词，就能找到「净」。,jìng
zh-凶,literacy,凶,xiōng,life,L5,帮凶 吉凶,用组词来记：「帮凶」「吉凶」。看见这些词，就能找到「凶」。,xiōng
zh-署,literacy,署,shǔ,life,L5,部署 公署,用组词来记：「部署」「公署」。看见这些词，就能找到「署」。,shǔ
zh-壁,literacy,壁,bì,life,L5,壁画 壁垒,用组词来记：「壁画」「壁垒」。看见这些词，就能找到「壁」。,bì
zh-御,literacy,御,yù,life,L5,抵御 防御,用组词来记：「抵御」「防御」。看见这些词，就能找到「御」。,yù
zh-奉,literacy,奉,fèng,life,L5,奉告 奉还,用组词来记：「奉告」「奉还」。看见这些词，就能找到「奉」。,fèng
zh-旋,literacy,旋,xuán,life,L5,回旋 凯旋,用组词来记：「回旋」「凯旋」。看见这些词，就能找到「旋」。,xuán
zh-冬,literacy,冬,dōng,nature,L5,冬天 冬日,用组词来记：「冬天」「冬日」。看见这些词，就能找到「冬」。,dōng
zh-矿,literacy,矿,kuàng,life,L5,采矿 采矿业,用组词来记：「采矿」「采矿业」。看见这些词，就能找到「矿」。,kuàng
zh-抬,literacy,抬,tái,body,L5,抬高 抬头,用组词来记：「抬高」「抬头」。看见这些词，就能找到「抬」。,tái
zh-蛋,literacy,蛋,dàn,food,L5,鸡蛋 蛋糕,用组词来记：「鸡蛋」「蛋糕」。看见这些词，就能找到「蛋」。,dàn
zh-晨,literacy,晨,chén,life,L5,今晨 凌晨,用组词来记：「今晨」「凌晨」。看见这些词，就能找到「晨」。,chén
zh-伏,literacy,伏,fú,life,L5,倒伏 伏案,用组词来记：「倒伏」「伏案」。看见这些词，就能找到「伏」。,fú
zh-吹,literacy,吹,chuī,nature,L5,北风吹雁 春风吹又,用组词来记：「北风吹雁」「春风吹又」。看见这些词，就能找到「吹」。,chuī
zh-鸡,literacy,鸡,jī,animal,L5,小鸡 公鸡,用组词来记：「小鸡」「公鸡」。看见这些词，就能找到「鸡」。,jī
zh-倍,literacy,倍,bèi,family,L5,倍思亲 百倍,用组词来记：「倍思亲」「百倍」。看见这些词，就能找到「倍」。,bèi
zh-糊,literacy,糊,hú,life,L5,含糊 糊涂,用组词来记：「含糊」「糊涂」。看见这些词，就能找到「糊」。,hú
zh-秦,literacy,秦,qín,nature,L5,秦时明月 秦皇岛,用组词来记：「秦时明月」「秦皇岛」。看见这些词，就能找到「秦」。,qín
zh-盾,literacy,盾,dùn,life,L5,盾牌 矛盾,用组词来记：「盾牌」「矛盾」。看见这些词，就能找到「盾」。,dùn
zh-杯,literacy,杯,bēi,life,L5,水杯 杯子,用组词来记：「水杯」「杯子」。看见这些词，就能找到「杯」。,bēi
zh-租,literacy,租,zū,life,L5,包租 承租,用组词来记：「包租」「承租」。看见这些词，就能找到「租」。,zū
zh-骑,literacy,骑,qí,animal,L5,骑马 牧童骑黄,用组词来记：「骑马」「牧童骑黄」。看见这些词，就能找到「骑」。,qí
zh-乏,literacy,乏,fá,life,L5,不乏 乏味,用组词来记：「不乏」「乏味」。看见这些词，就能找到「乏」。,fá
zh-隆,literacy,隆,lóng,life,L5,轰隆 隆冬,用组词来记：「轰隆」「隆冬」。看见这些词，就能找到「隆」。,lóng
zh-诊,literacy,诊,zhěn,life,L5,出诊 会诊,用组词来记：「出诊」「会诊」。看见这些词，就能找到「诊」。,zhěn
zh-奴,literacy,奴,nú,life,L5,奴隶 奴役,用组词来记：「奴隶」「奴役」。看见这些词，就能找到「奴」。,nú
zh-摄,literacy,摄,shè,life,L5,拍摄 摄氏,用组词来记：「拍摄」「摄氏」。看见这些词，就能找到「摄」。,shè
zh-丧,literacy,丧,sàng,life,L5,奔丧 沮丧,用组词来记：「奔丧」「沮丧」。看见这些词，就能找到「丧」。,sàng
zh-污,literacy,污,wū,life,L5,反贪污 排污,用组词来记：「反贪污」「排污」。看见这些词，就能找到「污」。,wū
zh-渡,literacy,渡,dù,life,L5,摆渡 渡船,用组词来记：「摆渡」「渡船」。看见这些词，就能找到「渡」。,dù
zh-旗,literacy,旗,qí,life,L5,国旗 彩旗,用组词来记：「国旗」「彩旗」。看见这些词，就能找到「旗」。,qí
zh-甘,literacy,甘,gān,life,L5,不甘心 甘当,用组词来记：「不甘心」「甘当」。看见这些词，就能找到「甘」。,gān
zh-耐,literacy,耐,nài,nature,L5,耐寒 耐火,用组词来记：「耐寒」「耐火」。看见这些词，就能找到「耐」。,nài
zh-凭,literacy,凭,píng,life,L5,凭借 凭据,用组词来记：「凭借」「凭据」。看见这些词，就能找到「凭」。,píng
zh-扎,literacy,扎,zhā,life,L5,包扎 结扎,用组词来记：「包扎」「结扎」。看见这些词，就能找到「扎」。,zhā
zh-抢,literacy,抢,qiǎng,life,L5,抢夺 抢购,用组词来记：「抢夺」「抢购」。看见这些词，就能找到「抢」。,qiǎng
zh-绪,literacy,绪,xù,life,L5,愁绪 就绪,用组词来记：「愁绪」「就绪」。看见这些词，就能找到「绪」。,xù
zh-粗,literacy,粗,cū,life,L5,粗暴 粗糙,用组词来记：「粗暴」「粗糙」。看见这些词，就能找到「粗」。,cū
zh-肩,literacy,肩,jiān,life,L5,并肩 肩膀,用组词来记：「并肩」「肩膀」。看见这些词，就能找到「肩」。,jiān
zh-梁,literacy,梁,liáng,life,L5,大梁 顶梁柱,用组词来记：「大梁」「顶梁柱」。看见这些词，就能找到「梁」。,liáng
zh-幻,literacy,幻,huàn,life,L5,变幻 幻灯,用组词来记：「变幻」「幻灯」。看见这些词，就能找到「幻」。,huàn
zh-皆,literacy,皆,jiē,life,L5,粒粒皆辛 皆可,用组词来记：「粒粒皆辛」「皆可」。看见这些词，就能找到「皆」。,jiē
zh-碎,literacy,碎,suì,life,L5,打碎 粉碎,用组词来记：「打碎」「粉碎」。看见这些词，就能找到「碎」。,suì
zh-岩,literacy,岩,yán,nature,L5,花岗岩 岩石,用组词来记：「花岗岩」「岩石」。看见这些词，就能找到「岩」。,yán
zh-荡,literacy,荡,dàng,life,L5,荡涤 动荡,用组词来记：「荡涤」「动荡」。看见这些词，就能找到「荡」。,dàng
zh-综,literacy,综,zōng,life,L5,综观 综合,用组词来记：「综观」「综合」。看见这些词，就能找到「综」。,zōng
zh-爬,literacy,爬,pá,nature,L5,爬山 爬行,用组词来记：「爬山」「爬行」。看见这些词，就能找到「爬」。,pá
zh-荷,literacy,荷,hé,life,L5,小荷才露 超负荷,用组词来记：「小荷才露」「超负荷」。看见这些词，就能找到「荷」。,hé
zh-悉,literacy,悉,xī,life,L5,获悉 据悉,用组词来记：「获悉」「据悉」。看见这些词，就能找到「悉」。,xī
zh-返,literacy,返,fǎn,life,L5,重返 返工,用组词来记：「重返」「返工」。看见这些词，就能找到「返」。,fǎn
zh-井,literacy,井,jǐng,life,L5,机井 井然,用组词来记：「机井」「井然」。看见这些词，就能找到「井」。,jǐng
zh-壮,literacy,壮,zhuàng,life,L5,悲壮 粗壮,用组词来记：「悲壮」「粗壮」。看见这些词，就能找到「壮」。,zhuàng
zh-薄,literacy,薄,báo,life,L5,薄板 薄膜,用组词来记：「薄板」「薄膜」。看见这些词，就能找到「薄」。,báo
zh-悄,literacy,悄,qiāo,life,L5,静悄悄 悄悄,用组词来记：「静悄悄」「悄悄」。看见这些词，就能找到「悄」。,qiāo
zh-扫,literacy,扫,sǎo,life,L5,打扫 横扫,用组词来记：「打扫」「横扫」。看见这些词，就能找到「扫」。,sǎo
zh-敏,literacy,敏,mǐn,life,L5,过敏 机敏,用组词来记：「过敏」「机敏」。看见这些词，就能找到「敏」。,mǐn
zh-碍,literacy,碍,ài,life,L5,妨碍 有碍,用组词来记：「妨碍」「有碍」。看见这些词，就能找到「碍」。,ài
zh-殖,literacy,殖,zhí,life,L5,繁殖 繁殖力,用组词来记：「繁殖」「繁殖力」。看见这些词，就能找到「殖」。,zhí
zh-详,literacy,详,xiáng,life,L5,安详 不详,用组词来记：「安详」「不详」。看见这些词，就能找到「详」。,xiáng
zh-迪,literacy,迪,dí,life,L5,迪庆 启迪,用组词来记：「迪庆」「启迪」。看见这些词，就能找到「迪」。,dí
zh-矛,literacy,矛,máo,body,L5,矛盾 矛头,用组词来记：「矛盾」「矛头」。看见这些词，就能找到「矛」。,máo
zh-允,literacy,允,yǔn,life,L5,应允 允诺,用组词来记：「应允」「允诺」。看见这些词，就能找到「允」。,yǔn
zh-幅,literacy,幅,fú,life,L5,大幅 大幅度,用组词来记：「大幅」「大幅度」。看见这些词，就能找到「幅」。,fú
zh-撒,literacy,撒,sā,life,L5,撒播 撒拉,用组词来记：「撒播」「撒拉」。看见这些词，就能找到「撒」。,sā
zh-剩,literacy,剩,shèng,life,L5,过剩 剩下,用组词来记：「过剩」「剩下」。看见这些词，就能找到「剩」。,shèng
zh-凯,literacy,凯,kǎi,life,L5,凯歌 凯旋,用组词来记：「凯歌」「凯旋」。看见这些词，就能找到「凯」。,kǎi
zh-颗,literacy,颗,kē,life,L5,秋收万颗 颗粒,用组词来记：「秋收万颗」「颗粒」。看见这些词，就能找到「颗」。,kē
zh-骂,literacy,骂,mà,life,L5,辱骂 唾骂,用组词来记：「辱骂」「唾骂」。看见这些词，就能找到「骂」。,mà
zh-赏,literacy,赏,shǎng,life,L5,观赏 奖赏,用组词来记：「观赏」「奖赏」。看见这些词，就能找到「赏」。,shǎng
zh-液,literacy,液,yè,body,L5,废液 口服液,用组词来记：「废液」「口服液」。看见这些词，就能找到「液」。,yè
zh-番,literacy,番,fān,life,L5,翻番 翻两番,用组词来记：「翻番」「翻两番」。看见这些词，就能找到「番」。,fān
zh-箱,literacy,箱,xiāng,nature,L5,冰箱 电冰箱,用组词来记：「冰箱」「电冰箱」。看见这些词，就能找到「箱」。,xiāng
zh-贴,literacy,贴,tiē,life,L5,补贴 补贴费,用组词来记：「补贴」「补贴费」。看见这些词，就能找到「贴」。,tiē
zh-漫,literacy,漫,màn,life,L5,浪漫 烂漫,用组词来记：「浪漫」「烂漫」。看见这些词，就能找到「漫」。,màn
zh-酸,literacy,酸,suān,life,L5,醋酸 酸楚,用组词来记：「醋酸」「酸楚」。看见这些词，就能找到「酸」。,suān
zh-郎,literacy,郎,láng,life,L5,货郎 新郎,用组词来记：「货郎」「新郎」。看见这些词，就能找到「郎」。,láng
zh-腰,literacy,腰,yāo,life,L5,拦腰 掏腰包,用组词来记：「拦腰」「掏腰包」。看见这些词，就能找到「腰」。,yāo
zh-舒,literacy,舒,shū,life,L5,不舒服 舒畅,用组词来记：「不舒服」「舒畅」。看见这些词，就能找到「舒」。,shū
zh-眉,literacy,眉,méi,body,L5,峨眉山 眉目,用组词来记：「峨眉山」「眉目」。看见这些词，就能找到「眉」。,méi
zh-忧,literacy,忧,yōu,life,L5,担忧 分忧,用组词来记：「担忧」「分忧」。看见这些词，就能找到「忧」。,yōu
zh-浮,literacy,浮,fú,number,L5,浮萍一道 白毛浮绿,用组词来记：「浮萍一道」「白毛浮绿」。看见这些词，就能找到「浮」。,fú
zh-辛,literacy,辛,xīn,life,L5,粒粒皆辛 艰辛,用组词来记：「粒粒皆辛」「艰辛」。看见这些词，就能找到「辛」。,xīn
zh-恋,literacy,恋,liàn,life,L5,眷恋 恋爱,用组词来记：「眷恋」「恋爱」。看见这些词，就能找到「恋」。,liàn
zh-餐,literacy,餐,cān,life,L5,餐馆 餐具,用组词来记：「餐馆」「餐具」。看见这些词，就能找到「餐」。,cān
zh-吓,literacy,吓,xià,life,L5,惊吓 恐吓,用组词来记：「惊吓」「恐吓」。看见这些词，就能找到「吓」。,xià
zh-挺,literacy,挺,tǐng,school,L5,笔挺 坚挺,用组词来记：「笔挺」「坚挺」。看见这些词，就能找到「挺」。,tǐng
zh-励,literacy,励,lì,life,L5,鼓励 奖励,用组词来记：「鼓励」「奖励」。看见这些词，就能找到「励」。,lì
zh-辞,literacy,辞,cí,color,L5,朝辞白帝 辞别,用组词来记：「朝辞白帝」「辞别」。看见这些词，就能找到「辞」。,cí
zh-键,literacy,键,jiàn,life,L5,关键 关键性,用组词来记：「关键」「关键性」。看见这些词，就能找到「键」。,jiàn
zh-伍,literacy,伍,wǔ,life,L5,队伍 落伍,用组词来记：「队伍」「落伍」。看见这些词，就能找到「伍」。,wǔ
zh-峰,literacy,峰,fēng,life,L5,赤峰 顶峰,用组词来记：「赤峰」「顶峰」。看见这些词，就能找到「峰」。,fēng
zh-尺,literacy,尺,chǐ,number,L5,三千尺 深千尺,用组词来记：「三千尺」「深千尺」。看见这些词，就能找到「尺」。,chǐ
zh-昨,literacy,昨,zuó,nature,L5,昨日 昨天,用组词来记：「昨日」「昨天」。看见这些词，就能找到「昨」。,zuó
zh-辈,literacy,辈,bèi,life,L5,半辈子 父辈,用组词来记：「半辈子」「父辈」。看见这些词，就能找到「辈」。,bèi
zh-贯,literacy,贯,guàn,life,L5,贯彻 贯穿,用组词来记：「贯彻」「贯穿」。看见这些词，就能找到「贯」。,guàn
zh-侦,literacy,侦,zhēn,life,L5,侦察 侦查,用组词来记：「侦察」「侦查」。看见这些词，就能找到「侦」。,zhēn
zh-滑,literacy,滑,huá,life,L5,光滑 滑冰,用组词来记：「光滑」「滑冰」。看见这些词，就能找到「滑」。,huá
zh-券,literacy,券,quàn,life,L5,国库券 奖券,用组词来记：「国库券」「奖券」。看见这些词，就能找到「券」。,quàn
zh-崇,literacy,崇,chóng,life,L5,崇拜 崇高,用组词来记：「崇拜」「崇高」。看见这些词，就能找到「崇」。,chóng
zh-扰,literacy,扰,rǎo,life,L5,干扰 惊扰,用组词来记：「干扰」「惊扰」。看见这些词，就能找到「扰」。,rǎo
zh-宪,literacy,宪,xiàn,life,L5,宪法 宪章,用组词来记：「宪法」「宪章」。看见这些词，就能找到「宪」。,xiàn
zh-绕,literacy,绕,rào,life,L5,缠绕 环绕,用组词来记：「缠绕」「环绕」。看见这些词，就能找到「绕」。,rào
zh-趋,literacy,趋,qū,life,L5,渐趋 趋附,用组词来记：「渐趋」「趋附」。看见这些词，就能找到「趋」。,qū
zh-慈,literacy,慈,cí,body,L5,慈母手中 慈爱,用组词来记：「慈母手中」「慈爱」。看见这些词，就能找到「慈」。,cí
zh-阅,literacy,阅,yuè,life,L5,参阅 查阅,用组词来记：「参阅」「查阅」。看见这些词，就能找到「阅」。,yuè
zh-汗,literacy,汗,hàn,nature,L5,汗水 冷汗,用组词来记：「汗水」「冷汗」。看见这些词，就能找到「汗」。,hàn
zh-枝,literacy,枝,zhī,number,L5,八九十枝 墙角数枝,用组词来记：「八九十枝」「墙角数枝」。看见这些词，就能找到「枝」。,zhī
zh-拖,literacy,拖,tuō,life,L5,拖后腿 拖垮,用组词来记：「拖后腿」「拖垮」。看见这些词，就能找到「拖」。,tuō
zh-墨,literacy,墨,mò,school,L5,笔墨 徽墨,用组词来记：「笔墨」「徽墨」。看见这些词，就能找到「墨」。,mò
zh-胁,literacy,胁,xié,life,L5,威胁 胁从,用组词来记：「威胁」「胁从」。看见这些词，就能找到「胁」。,xié
zh-插,literacy,插,chā,life,L5,插曲 插入,用组词来记：「插曲」「插入」。看见这些词，就能找到「插」。,chā
zh-箭,literacy,箭,jiàn,nature,L5,挡箭牌 火箭,用组词来记：「挡箭牌」「火箭」。看见这些词，就能找到「箭」。,jiàn
zh-腊,literacy,腊,là,nature,L5,腊梅 腊月,用组词来记：「腊梅」「腊月」。看见这些词，就能找到「腊」。,là
zh-粉,literacy,粉,fěn,color,L5,粉红 粉剂,用组词来记：「粉红」「粉剂」。看见这些词，就能找到「粉」。,fěn
zh-泥,literacy,泥,ní,nature,L5,泥土 和稀泥,用组词来记：「泥土」「和稀泥」。看见这些词，就能找到「泥」。,ní
zh-拔,literacy,拔,bá,life,L5,拔高 拔尖,用组词来记：「拔高」「拔尖」。看见这些词，就能找到「拔」。,bá
zh-骗,literacy,骗,piàn,life,L5,拐骗 骗局,用组词来记：「拐骗」「骗局」。看见这些词，就能找到「骗」。,piàn
zh-慧,literacy,慧,huì,body,L5,慧眼 智慧,用组词来记：「慧眼」「智慧」。看见这些词，就能找到「慧」。,huì
zh-媒,literacy,媒,méi,life,L5,媒介 媒体,用组词来记：「媒介」「媒体」。看见这些词，就能找到「媒」。,méi
zh-佩,literacy,佩,pèi,life,L5,敬佩 佩服,用组词来记：「敬佩」「佩服」。看见这些词，就能找到「佩」。,pèi
zh-愤,literacy,愤,fèn,body,L5,悲愤 发愤,用组词来记：「悲愤」「发愤」。看见这些词，就能找到「愤」。,fèn
zh-扑,literacy,扑,pū,nature,L5,扑火 扑空,用组词来记：「扑火」「扑空」。看见这些词，就能找到「扑」。,pū
zh-龄,literacy,龄,líng,life,L5,超龄 高龄,用组词来记：「超龄」「高龄」。看见这些词，就能找到「龄」。,líng
zh-驱,literacy,驱,qū,life,L5,前驱 驱车,用组词来记：「前驱」「驱车」。看见这些词，就能找到「驱」。,qū
zh-惜,literacy,惜,xī,life,L5,惜细流 爱惜,用组词来记：「惜细流」「爱惜」。看见这些词，就能找到「惜」。,xī
zh-豪,literacy,豪,háo,life,L5,富豪 豪放,用组词来记：「富豪」「豪放」。看见这些词，就能找到「豪」。,háo
zh-掩,literacy,掩,yǎn,life,L5,掩蔽 掩藏,用组词来记：「掩蔽」「掩藏」。看见这些词，就能找到「掩」。,yǎn
zh-兼,literacy,兼,jiān,life,L5,兼备 兼并,用组词来记：「兼备」「兼并」。看见这些词，就能找到「兼」。,jiān
zh-跃,literacy,跃,yuè,life,L5,大飞跃 大跃进,用组词来记：「大飞跃」「大跃进」。看见这些词，就能找到「跃」。,yuè
zh-肃,literacy,肃,sù,life,L5,甘肃 甘肃省,用组词来记：「甘肃」「甘肃省」。看见这些词，就能找到「肃」。,sù
zh-驶,literacy,驶,shǐ,life,L5,驾驶 驾驶员,用组词来记：「驾驶」「驾驶员」。看见这些词，就能找到「驶」。,shǐ
zh-届,literacy,届,jiè,life,L5,本届 换届,用组词来记：「本届」「换届」。看见这些词，就能找到「届」。,jiè
zh-欣,literacy,欣,xīn,life,L5,欢欣 欣然,用组词来记：「欢欣」「欣然」。看见这些词，就能找到「欣」。,xīn
zh-惠,literacy,惠,huì,life,L5,恩惠 互惠,用组词来记：「恩惠」「互惠」。看见这些词，就能找到「惠」。,huì
zh-册,literacy,册,cè,life,L5,登记册 分册,用组词来记：「登记册」「分册」。看见这些词，就能找到「册」。,cè
zh-储,literacy,储,chǔ,life,L5,仓储 储备,用组词来记：「仓储」「储备」。看见这些词，就能找到「储」。,chǔ
zh-飘,literacy,飘,piāo,life,L5,飘带 飘荡,用组词来记：「飘带」「飘荡」。看见这些词，就能找到「飘」。,piāo
zh-桑,literacy,桑,sāng,life,L5,沧桑 蚕桑,用组词来记：「沧桑」「蚕桑」。看见这些词，就能找到「桑」。,sāng
zh-闲,literacy,闲,xián,number,L5,四海无闲 冬闲,用组词来记：「四海无闲」「冬闲」。看见这些词，就能找到「闲」。,xián
zh-惨,literacy,惨,cǎn,life,L5,悲惨 惨案,用组词来记：「悲惨」「惨案」。看见这些词，就能找到「惨」。,cǎn
zh-洁,literacy,洁,jié,life,L5,纯洁 光洁,用组词来记：「纯洁」「光洁」。看见这些词，就能找到「洁」。,jié
zh-踪,literacy,踪,zōng,life,L5,万径人踪 不解藏踪,用组词来记：「万径人踪」「不解藏踪」。看见这些词，就能找到「踪」。,zōng
zh-勃,literacy,勃,bó,life,L5,勃勃 蓬勃,用组词来记：「勃勃」「蓬勃」。看见这些词，就能找到「勃」。,bó
zh-宾,literacy,宾,bīn,life,L5,宾馆 宾客,用组词来记：「宾馆」「宾客」。看见这些词，就能找到「宾」。,bīn
zh-频,literacy,频,pín,life,L5,频传 频繁,用组词来记：「频传」「频繁」。看见这些词，就能找到「频」。,pín
zh-仇,literacy,仇,chóu,life,L5,报仇 仇恨,用组词来记：「报仇」「仇恨」。看见这些词，就能找到「仇」。,chóu
zh-磨,literacy,磨,mó,life,L5,磨擦 磨光,用组词来记：「磨擦」「磨光」。看见这些词，就能找到「磨」。,mó
zh-递,literacy,递,dì,life,L5,呈递 传递,用组词来记：「呈递」「传递」。看见这些词，就能找到「递」。,dì
zh-邪,literacy,邪,xié,life,L5,邪道 邪恶,用组词来记：「邪道」「邪恶」。看见这些词，就能找到「邪」。,xié
zh-撞,literacy,撞,zhuàng,life,L5,顶撞 莽撞,用组词来记：「顶撞」「莽撞」。看见这些词，就能找到「撞」。,zhuàng
zh-拟,literacy,拟,nǐ,life,L5,比拟 草拟,用组词来记：「比拟」「草拟」。看见这些词，就能找到「拟」。,nǐ
zh-滚,literacy,滚,gǔn,life,L5,翻滚 滚动,用组词来记：「翻滚」「滚动」。看见这些词，就能找到「滚」。,gǔn
zh-奏,literacy,奏,zòu,life,L5,合奏 节奏,用组词来记：「合奏」「节奏」。看见这些词，就能找到「奏」。,zòu
zh-巡,literacy,巡,xún,life,L5,巡回 巡逻,用组词来记：「巡回」「巡逻」。看见这些词，就能找到「巡」。,xún
zh-颜,literacy,颜,yán,number,L5,五颜六色 开颜,用组词来记：「五颜六色」「开颜」。看见这些词，就能找到「颜」。,yán
zh-剂,literacy,剂,jì,life,L5,催化剂 粉剂,用组词来记：「催化剂」「粉剂」。看见这些词，就能找到「剂」。,jì
zh-绩,literacy,绩,jī,life,L5,败绩 成绩,用组词来记：「败绩」「成绩」。看见这些词，就能找到「绩」。,jī
zh-贡,literacy,贡,gòng,life,L5,贡献 新贡献,用组词来记：「贡献」「新贡献」。看见这些词，就能找到「贡」。,gòng
zh-疯,literacy,疯,fēng,body,L5,发疯 疯狂,用组词来记：「发疯」「疯狂」。看见这些词，就能找到「疯」。,fēng
zh-瞧,literacy,瞧,qiáo,life,L5,瞧不起 瞧得起,用组词来记：「瞧不起」「瞧得起」。看见这些词，就能找到「瞧」。,qiáo
zh-截,literacy,截,jié,life,L5,堵截 截断,用组词来记：「堵截」「截断」。看见这些词，就能找到「截」。,jié
zh-燃,literacy,燃,rán,life,L5,点燃 可燃性,用组词来记：「点燃」「可燃性」。看见这些词，就能找到「燃」。,rán
zh-焦,literacy,焦,jiāo,life,L5,焦点 焦急,用组词来记：「焦点」「焦急」。看见这些词，就能找到「焦」。,jiāo
zh-殿,literacy,殿,diàn,life,L5,殿堂 宫殿,用组词来记：「殿堂」「宫殿」。看见这些词，就能找到「殿」。,diàn
zh-伪,literacy,伪,wěi,life,L5,伪劣 伪善,用组词来记：「伪劣」「伪善」。看见这些词，就能找到「伪」。,wěi
zh-柳,literacy,柳,liǔ,life,L5,怨杨柳 鸣翠柳,用组词来记：「怨杨柳」「鸣翠柳」。看见这些词，就能找到「柳」。,liǔ
zh-锁,literacy,锁,suǒ,life,L5,封锁 连锁,用组词来记：「封锁」「连锁」。看见这些词，就能找到「锁」。,suǒ
zh-逼,literacy,逼,bī,life,L5,逼近 逼迫,用组词来记：「逼近」「逼迫」。看见这些词，就能找到「逼」。,bī
